Transaction_ID,Time,Amount,City,Device,Merchant,UPI_App,Hour,Is_Fraud,Day,Date
85722,2026-01-27 07:00:30,108.93,Delhi,Old,BillPay,Paytm,7,0,Tuesday,2026-01-27
90185,2026-01-28 20:12:00,26.11,Mumbai,New,Grocery,Paytm,20,1,Wednesday,2026-01-28
29865,2026-01-07 21:32:00,593.97,Chennai,Old,BillPay,GPay,21,0,Wednesday,2026-01-07
86700,2026-01-27 15:09:30,660.5,Delhi,New,BillPay,PhonePe,15,0,Tuesday,2026-01-27
102992,2026-02-02 06:55:30,129.79,Hyderabad,Old,Amazon,Paytm,6,0,Monday,2026-02-02
86435,2026-01-27 12:57:00,130.43,Coimbatore,Old,Zomato,Paytm,12,0,Tuesday,2026-01-27
94005,2026-01-30 04:02:00,426.08,Delhi,Old,Grocery,GPay,4,1,Friday,2026-01-30
90918,2026-01-29 02:18:30,539.22,Coimbatore,Old,Amazon,GPay,2,1,Thursday,2026-01-29
70768,2026-01-22 02:23:30,666.17,Delhi,Old,Petrol,PhonePe,2,1,Thursday,2026-01-22
60075,2026-01-18 09:17:00,80.32,Bangalore,Old,Petrol,PhonePe,9,0,Sunday,2026-01-18
37702,2026-01-10 14:50:30,1438.27,Hyderabad,Old,Petrol,GPay,14,0,Saturday,2026-01-10
52142,2026-01-15 15:10:30,194.89,Mumbai,Old,Grocery,Paytm,15,0,Thursday,2026-01-15
55081,2026-01-16 15:40:00,558.08,Mumbai,New,Zomato,GPay,15,0,Friday,2026-01-16
26639,2026-01-06 18:39:00,171.39,Chennai,Old,Grocery,PhonePe,18,0,Tuesday,2026-01-06
30425,2026-01-08 02:12:00,1044.96,Bangalore,Old,Amazon,GPay,2,1,Thursday,2026-01-08
98703,2026-01-31 19:11:00,817.69,Coimbatore,Old,BillPay,PhonePe,19,0,Saturday,2026-01-31
10150,2026-01-01 01:14:30,130.65,Coimbatore,Old,BillPay,PhonePe,1,1,Thursday,2026-01-01
11762,2026-01-01 14:40:30,744.08,Hyderabad,New,BillPay,GPay,14,0,Thursday,2026-01-01
73121,2026-01-22 22:00:00,615.86,Delhi,Old,Swiggy,GPay,22,0,Thursday,2026-01-22
79162,2026-01-25 00:20:30,304.1,Chennai,Old,Grocery,PhonePe,0,1,Sunday,2026-01-25
74884,2026-01-23 12:41:30,76.12,Delhi,Old,Zomato,PhonePe,12,0,Friday,2026-01-23
12496,2026-01-01 20:47:30,271.17,Coimbatore,Old,BillPay,PhonePe,20,0,Thursday,2026-01-01
90297,2026-01-28 21:08:00,234.66,Coimbatore,New,Amazon,GPay,21,1,Wednesday,2026-01-28
29448,2026-01-07 18:03:30,295.08,Chennai,Old,Amazon,Paytm,18,0,Wednesday,2026-01-07
51332,2026-01-15 08:25:30,19.77,Delhi,Old,Petrol,PhonePe,8,0,Thursday,2026-01-15
24889,2026-01-06 04:04:00,1172.27,Coimbatore,New,BillPay,Paytm,4,1,Tuesday,2026-01-06
98637,2026-01-31 18:38:00,174.36,Mumbai,New,Swiggy,GPay,18,1,Saturday,2026-01-31
104893,2026-02-02 22:46:00,46.31,Bangalore,New,Swiggy,Paytm,22,1,Monday,2026-02-02
102732,2026-02-02 04:45:30,257.69,Mumbai,Old,Grocery,GPay,4,1,Monday,2026-02-02
39131,2026-01-11 02:45:00,907.01,Mumbai,Old,Swiggy,GPay,2,1,Sunday,2026-01-11
89023,2026-01-28 10:31:00,1091.27,Mumbai,Old,Grocery,Paytm,10,0,Wednesday,2026-01-28
94937,2026-01-30 11:48:00,66.55,Bangalore,New,BillPay,GPay,11,1,Friday,2026-01-30
26822,2026-01-06 20:10:30,299.84,Delhi,Old,Zomato,PhonePe,20,0,Tuesday,2026-01-06
46734,2026-01-13 18:06:30,294.73,Delhi,Old,Zomato,Paytm,18,0,Tuesday,2026-01-13
25603,2026-01-06 10:01:00,360.72,Coimbatore,Old,Amazon,PhonePe,10,0,Tuesday,2026-01-06
38534,2026-01-10 21:46:30,568.39,Bangalore,Old,Amazon,GPay,21,0,Saturday,2026-01-10
79770,2026-01-25 05:24:30,199.66,Mumbai,New,Swiggy,Paytm,5,1,Sunday,2026-01-25
21406,2026-01-04 23:02:30,356.89,Delhi,Old,Grocery,PhonePe,23,0,Sunday,2026-01-04
106853,2026-02-03 15:06:00,23.5,Delhi,Old,Zomato,GPay,15,0,Tuesday,2026-02-03
26131,2026-01-06 14:25:00,548.76,Delhi,Old,Amazon,Paytm,14,0,Tuesday,2026-01-06
29793,2026-01-07 20:56:00,275.07,Chennai,New,Swiggy,Paytm,20,1,Wednesday,2026-01-07
99578,2026-02-01 02:28:30,1399.72,Hyderabad,New,BillPay,GPay,2,1,Sunday,2026-02-01
50164,2026-01-14 22:41:30,129.92,Mumbai,Old,Petrol,GPay,22,0,Wednesday,2026-01-14
41777,2026-01-12 00:48:00,40.07,Delhi,New,Amazon,PhonePe,0,1,Monday,2026-01-12
35331,2026-01-09 19:05:00,17.1,Mumbai,Old,Grocery,GPay,19,0,Friday,2026-01-09
89157,2026-01-28 11:38:00,705.04,Delhi,New,Grocery,Paytm,11,0,Wednesday,2026-01-28
61686,2026-01-18 22:42:30,373.62,Coimbatore,New,Petrol,Paytm,22,1,Sunday,2026-01-18
85499,2026-01-27 05:09:00,1986.21,Delhi,New,BillPay,PhonePe,5,0,Tuesday,2026-01-27
14728,2026-01-02 15:23:30,742.85,Chennai,New,Zomato,GPay,15,0,Friday,2026-01-02
95199,2026-01-30 13:59:00,160.51,Coimbatore,Old,Zomato,Paytm,13,0,Friday,2026-01-30
45796,2026-01-13 10:17:30,416.16,Mumbai,Old,Swiggy,Paytm,10,0,Tuesday,2026-01-13
22257,2026-01-05 06:08:00,151.07,Coimbatore,Old,BillPay,GPay,6,0,Monday,2026-01-05
45719,2026-01-13 09:39:00,1596.9,Hyderabad,Old,Zomato,PhonePe,9,0,Tuesday,2026-01-13
80552,2026-01-25 11:55:30,532.88,Delhi,Old,BillPay,Paytm,11,0,Sunday,2026-01-25
64375,2026-01-19 21:07:00,299.88,Coimbatore,New,BillPay,PhonePe,21,1,Monday,2026-01-19
49692,2026-01-14 18:45:30,345.17,Hyderabad,Old,Swiggy,Paytm,18,0,Wednesday,2026-01-14
103703,2026-02-02 12:51:00,85.27,Delhi,Old,Petrol,PhonePe,12,0,Monday,2026-02-02
83692,2026-01-26 14:05:30,238.45,Delhi,New,Swiggy,GPay,14,1,Monday,2026-01-26
108071,2026-02-04 01:15:00,39.26,Delhi,New,Amazon,GPay,1,1,Wednesday,2026-02-04
10576,2026-01-01 04:47:30,1194.48,Chennai,Old,Zomato,GPay,4,1,Thursday,2026-01-01
94611,2026-01-30 09:05:00,271.64,Coimbatore,New,Amazon,PhonePe,9,1,Friday,2026-01-30
71770,2026-01-22 10:44:30,167.86,Coimbatore,Old,Petrol,GPay,10,0,Thursday,2026-01-22
42261,2026-01-12 04:50:00,273.91,Chennai,New,Amazon,PhonePe,4,1,Monday,2026-01-12
92200,2026-01-29 12:59:30,156.03,Delhi,Old,BillPay,PhonePe,12,0,Thursday,2026-01-29
46291,2026-01-13 14:25:00,76.91,Delhi,Old,Swiggy,GPay,14,0,Tuesday,2026-01-13
88450,2026-01-28 05:44:30,27.48,Chennai,Old,BillPay,Paytm,5,0,Wednesday,2026-01-28
70056,2026-01-21 20:27:30,109.65,Mumbai,Old,Zomato,GPay,20,0,Wednesday,2026-01-21
55949,2026-01-16 22:54:00,590.92,Chennai,Old,Zomato,PhonePe,22,0,Friday,2026-01-16
38178,2026-01-10 18:48:30,106.46,Mumbai,New,Zomato,GPay,18,1,Saturday,2026-01-10
94464,2026-01-30 07:51:30,5.19,Hyderabad,Old,Zomato,PhonePe,7,0,Friday,2026-01-30
10579,2026-01-01 04:49:00,271.0,Delhi,Old,Petrol,Paytm,4,1,Thursday,2026-01-01
40960,2026-01-11 17:59:30,706.98,Bangalore,Old,Grocery,PhonePe,17,0,Sunday,2026-01-11
74291,2026-01-23 07:45:00,8.38,Delhi,Old,Zomato,PhonePe,7,0,Friday,2026-01-23
24532,2026-01-06 01:05:30,1617.02,Chennai,Old,Grocery,GPay,1,1,Tuesday,2026-01-06
27934,2026-01-07 05:26:30,55.66,Coimbatore,Old,Amazon,PhonePe,5,0,Wednesday,2026-01-07
43609,2026-01-12 16:04:00,105.57,Mumbai,Old,BillPay,GPay,16,0,Monday,2026-01-12
59960,2026-01-18 08:19:30,218.77,Bangalore,Old,BillPay,PhonePe,8,0,Sunday,2026-01-18
76599,2026-01-24 02:59:00,156.04,Bangalore,New,Grocery,PhonePe,2,1,Saturday,2026-01-24
109090,2026-02-04 09:44:30,560.14,Coimbatore,Old,Zomato,GPay,9,0,Wednesday,2026-02-04
44452,2026-01-12 23:05:30,31.16,Mumbai,New,Swiggy,GPay,23,1,Monday,2026-01-12
44081,2026-01-12 20:00:00,1154.42,Hyderabad,Old,Zomato,GPay,20,0,Monday,2026-01-12
73588,2026-01-23 01:53:30,52.69,Mumbai,New,Petrol,PhonePe,1,1,Friday,2026-01-23
14294,2026-01-02 11:46:30,954.47,Bangalore,Old,Swiggy,GPay,11,0,Friday,2026-01-02
79103,2026-01-24 23:51:00,8.0,Bangalore,Old,Grocery,GPay,23,0,Saturday,2026-01-24
96412,2026-01-31 00:05:30,213.02,Mumbai,Old,Amazon,Paytm,0,1,Saturday,2026-01-31
109477,2026-02-04 12:58:00,126.71,Bangalore,Old,Grocery,GPay,12,0,Wednesday,2026-02-04
63930,2026-01-19 17:24:30,401.3,Bangalore,Old,Grocery,GPay,17,0,Monday,2026-01-19
97071,2026-01-31 05:35:00,144.94,Mumbai,Old,BillPay,PhonePe,5,0,Saturday,2026-01-31
75084,2026-01-23 14:21:30,266.58,Chennai,Old,BillPay,PhonePe,14,0,Friday,2026-01-23
40713,2026-01-11 15:56:00,394.69,Delhi,Old,Swiggy,PhonePe,15,0,Sunday,2026-01-11
59183,2026-01-18 01:51:00,87.25,Hyderabad,Old,Grocery,Paytm,1,1,Sunday,2026-01-18
67235,2026-01-20 20:57:00,202.86,Bangalore,Old,Swiggy,Paytm,20,0,Tuesday,2026-01-20
25664,2026-01-06 10:31:30,190.37,Hyderabad,New,Grocery,PhonePe,10,1,Tuesday,2026-01-06
29967,2026-01-07 22:23:00,536.1,Delhi,Old,Grocery,Paytm,22,0,Wednesday,2026-01-07
101913,2026-02-01 21:56:00,36.79,Chennai,Old,Grocery,Paytm,21,0,Sunday,2026-02-01
101958,2026-02-01 22:18:30,84.25,Chennai,Old,Amazon,PhonePe,22,0,Sunday,2026-02-01
91347,2026-01-29 05:53:00,620.06,Coimbatore,New,Amazon,Paytm,5,0,Thursday,2026-01-29
65326,2026-01-20 05:02:30,635.38,Bangalore,Old,Petrol,Paytm,5,0,Tuesday,2026-01-20
39858,2026-01-11 08:48:30,29.98,Coimbatore,Old,Zomato,Paytm,8,0,Sunday,2026-01-11
81223,2026-01-25 17:31:00,241.55,Mumbai,Old,Swiggy,PhonePe,17,0,Sunday,2026-01-25
62459,2026-01-19 05:09:00,151.73,Chennai,Old,Petrol,PhonePe,5,0,Monday,2026-01-19
98346,2026-01-31 16:12:30,86.14,Coimbatore,New,Swiggy,Paytm,16,1,Saturday,2026-01-31
92364,2026-01-29 14:21:30,126.86,Chennai,New,Petrol,PhonePe,14,1,Thursday,2026-01-29
75350,2026-01-23 16:34:30,298.79,Mumbai,Old,BillPay,PhonePe,16,0,Friday,2026-01-23
69650,2026-01-21 17:04:30,83.22,Chennai,Old,Petrol,Paytm,17,0,Wednesday,2026-01-21
54953,2026-01-16 14:36:00,186.3,Hyderabad,Old,Amazon,PhonePe,14,0,Friday,2026-01-16
49526,2026-01-14 17:22:30,10.04,Delhi,Old,Swiggy,Paytm,17,0,Wednesday,2026-01-14
23936,2026-01-05 20:07:30,81.07,Coimbatore,Old,Zomato,PhonePe,20,0,Monday,2026-01-05
103781,2026-02-02 13:30:00,220.15,Delhi,Old,Petrol,Paytm,13,0,Monday,2026-02-02
99885,2026-02-01 05:02:00,42.88,Hyderabad,Old,Petrol,PhonePe,5,0,Sunday,2026-02-01
91144,2026-01-29 04:11:30,169.18,Bangalore,Old,Zomato,PhonePe,4,1,Thursday,2026-01-29
105800,2026-02-03 06:19:30,800.37,Bangalore,Old,Zomato,PhonePe,6,0,Tuesday,2026-02-03
99405,2026-02-01 01:02:00,494.6,Delhi,Old,Petrol,PhonePe,1,1,Sunday,2026-02-01
65224,2026-01-20 04:11:30,394.6,Delhi,New,Zomato,PhonePe,4,1,Tuesday,2026-01-20
83646,2026-01-26 13:42:30,336.56,Delhi,Old,Swiggy,GPay,13,0,Monday,2026-01-26
76294,2026-01-24 00:26:30,1494.13,Chennai,Old,Amazon,PhonePe,0,1,Saturday,2026-01-24
75540,2026-01-23 18:09:30,38.0,Mumbai,New,Grocery,GPay,18,1,Friday,2026-01-23
38111,2026-01-10 18:15:00,752.73,Delhi,Old,Petrol,Paytm,18,0,Saturday,2026-01-10
51929,2026-01-15 13:24:00,65.7,Chennai,Old,Amazon,PhonePe,13,0,Thursday,2026-01-15
96547,2026-01-31 01:13:00,705.05,Mumbai,Old,BillPay,PhonePe,1,1,Saturday,2026-01-31
92586,2026-01-29 16:12:30,364.72,Hyderabad,New,Zomato,GPay,16,1,Thursday,2026-01-29
48604,2026-01-14 09:41:30,1160.51,Coimbatore,Old,Swiggy,PhonePe,9,0,Wednesday,2026-01-14
101658,2026-02-01 19:48:30,423.12,Hyderabad,Old,Zomato,PhonePe,19,0,Sunday,2026-02-01
72787,2026-01-22 19:13:00,1127.15,Chennai,New,Petrol,Paytm,19,0,Thursday,2026-01-22
94341,2026-01-30 06:50:00,540.69,Delhi,Old,Amazon,GPay,6,0,Friday,2026-01-30
49875,2026-01-14 20:17:00,44.79,Delhi,Old,Zomato,PhonePe,20,0,Wednesday,2026-01-14
88469,2026-01-28 05:54:00,44.02,Coimbatore,Old,Zomato,Paytm,5,0,Wednesday,2026-01-28
41632,2026-01-11 23:35:30,767.97,Hyderabad,New,Grocery,PhonePe,23,0,Sunday,2026-01-11
24953,2026-01-06 04:36:00,612.83,Bangalore,Old,BillPay,PhonePe,4,1,Tuesday,2026-01-06
49332,2026-01-14 15:45:30,291.46,Delhi,New,BillPay,PhonePe,15,1,Wednesday,2026-01-14
58588,2026-01-17 20:53:30,256.43,Bangalore,Old,BillPay,Paytm,20,0,Saturday,2026-01-17
93595,2026-01-30 00:37:00,138.51,Chennai,New,Zomato,GPay,0,1,Friday,2026-01-30
51488,2026-01-15 09:43:30,332.57,Hyderabad,Old,Amazon,PhonePe,9,0,Thursday,2026-01-15
49628,2026-01-14 18:13:30,109.14,Mumbai,Old,Petrol,Paytm,18,0,Wednesday,2026-01-14
97895,2026-01-31 12:27:00,558.47,Delhi,Old,Amazon,PhonePe,12,0,Saturday,2026-01-31
36304,2026-01-10 03:11:30,115.77,Mumbai,Old,BillPay,Paytm,3,1,Saturday,2026-01-10
77404,2026-01-24 09:41:30,815.25,Hyderabad,Old,Petrol,Paytm,9,0,Saturday,2026-01-24
108085,2026-02-04 01:22:00,111.98,Delhi,Old,BillPay,GPay,1,1,Wednesday,2026-02-04
105602,2026-02-03 04:40:30,859.36,Mumbai,Old,Petrol,Paytm,4,1,Tuesday,2026-02-03
15020,2026-01-02 17:49:30,780.59,Mumbai,Old,Swiggy,Paytm,17,0,Friday,2026-01-02
15224,2026-01-02 19:31:30,175.28,Mumbai,New,Amazon,GPay,19,1,Friday,2026-01-02
25781,2026-01-06 11:30:00,41.68,Bangalore,Old,Amazon,Paytm,11,0,Tuesday,2026-01-06
55557,2026-01-16 19:38:00,682.35,Hyderabad,Old,Zomato,PhonePe,19,0,Friday,2026-01-16
22897,2026-01-05 11:28:00,272.33,Hyderabad,Old,Grocery,PhonePe,11,0,Monday,2026-01-05
44305,2026-01-12 21:52:00,697.24,Chennai,Old,Swiggy,GPay,21,0,Monday,2026-01-12
103323,2026-02-02 09:41:00,825.33,Bangalore,New,Swiggy,Paytm,9,0,Monday,2026-02-02
15325,2026-01-02 20:22:00,22.61,Bangalore,Old,BillPay,PhonePe,20,0,Friday,2026-01-02
62926,2026-01-19 09:02:30,350.82,Delhi,Old,Zomato,GPay,9,0,Monday,2026-01-19
72865,2026-01-22 19:52:00,430.18,Delhi,Old,BillPay,Paytm,19,0,Thursday,2026-01-22
18019,2026-01-03 18:49:00,243.76,Bangalore,Old,Grocery,GPay,18,0,Saturday,2026-01-03
92945,2026-01-29 19:12:00,76.14,Bangalore,Old,Amazon,GPay,19,0,Thursday,2026-01-29
100377,2026-02-01 09:08:00,547.65,Hyderabad,Old,Swiggy,Paytm,9,0,Sunday,2026-02-01
51721,2026-01-15 11:40:00,209.56,Mumbai,Old,Zomato,PhonePe,11,0,Thursday,2026-01-15
10867,2026-01-01 07:13:00,67.48,Hyderabad,Old,BillPay,Paytm,7,0,Thursday,2026-01-01
108444,2026-02-04 04:21:30,99.08,Chennai,Old,BillPay,PhonePe,4,1,Wednesday,2026-02-04
93040,2026-01-29 19:59:30,378.19,Mumbai,Old,Grocery,Paytm,19,0,Thursday,2026-01-29
23925,2026-01-05 20:02:00,326.53,Hyderabad,New,Zomato,PhonePe,20,1,Monday,2026-01-05
89893,2026-01-28 17:46:00,170.74,Coimbatore,New,Petrol,PhonePe,17,1,Wednesday,2026-01-28
41184,2026-01-11 19:51:30,203.36,Bangalore,Old,Grocery,PhonePe,19,0,Sunday,2026-01-11
23800,2026-01-05 18:59:30,661.17,Bangalore,New,Petrol,PhonePe,18,0,Monday,2026-01-05
50989,2026-01-15 05:34:00,122.95,Mumbai,Old,Grocery,Paytm,5,0,Thursday,2026-01-15
76734,2026-01-24 04:06:30,224.41,Mumbai,Old,Grocery,Paytm,4,1,Saturday,2026-01-24
88331,2026-01-28 04:45:00,309.79,Delhi,New,BillPay,PhonePe,4,1,Wednesday,2026-01-28
34379,2026-01-09 11:09:00,6.2,Chennai,Old,Swiggy,GPay,11,0,Friday,2026-01-09
33415,2026-01-09 03:07:00,342.57,Bangalore,Old,Zomato,GPay,3,1,Friday,2026-01-09
107560,2026-02-03 20:59:30,113.83,Bangalore,Old,Grocery,GPay,20,0,Tuesday,2026-02-03
32993,2026-01-08 23:36:00,1.45,Delhi,Old,Petrol,GPay,23,0,Thursday,2026-01-08
13232,2026-01-02 02:55:30,374.35,Delhi,New,Petrol,Paytm,2,1,Friday,2026-01-02
51996,2026-01-15 13:57:30,833.46,Bangalore,Old,Swiggy,GPay,13,0,Thursday,2026-01-15
59188,2026-01-18 01:53:30,227.6,Hyderabad,New,Zomato,GPay,1,1,Sunday,2026-01-18
32515,2026-01-08 19:37:00,261.33,Chennai,Old,Grocery,GPay,19,0,Thursday,2026-01-08
31326,2026-01-08 09:42:30,302.74,Delhi,Old,Swiggy,Paytm,9,0,Thursday,2026-01-08
96234,2026-01-30 22:36:30,431.38,Coimbatore,Old,BillPay,GPay,22,0,Friday,2026-01-30
98127,2026-01-31 14:23:00,308.49,Mumbai,Old,Swiggy,GPay,14,0,Saturday,2026-01-31
39824,2026-01-11 08:31:30,110.89,Chennai,Old,Amazon,GPay,8,0,Sunday,2026-01-11
102485,2026-02-02 02:42:00,20.39,Hyderabad,Old,BillPay,Paytm,2,1,Monday,2026-02-02
78425,2026-01-24 18:12:00,65.11,Hyderabad,Old,Swiggy,GPay,18,0,Saturday,2026-01-24
74484,2026-01-23 09:21:30,121.94,Delhi,Old,Amazon,PhonePe,9,0,Friday,2026-01-23
61020,2026-01-18 17:09:30,307.67,Chennai,Old,Amazon,Paytm,17,0,Sunday,2026-01-18
36754,2026-01-10 06:56:30,110.98,Mumbai,Old,Grocery,Paytm,6,0,Saturday,2026-01-10
59964,2026-01-18 08:21:30,731.03,Mumbai,Old,Grocery,PhonePe,8,0,Sunday,2026-01-18
52732,2026-01-15 20:05:30,250.79,Bangalore,New,Grocery,Paytm,20,1,Thursday,2026-01-15
39057,2026-01-11 02:08:00,333.34,Chennai,Old,Zomato,GPay,2,1,Sunday,2026-01-11
65318,2026-01-20 04:58:30,221.63,Hyderabad,Old,Amazon,PhonePe,4,1,Tuesday,2026-01-20
45497,2026-01-13 07:48:00,218.65,Delhi,Old,Petrol,Paytm,7,0,Tuesday,2026-01-13
66338,2026-01-20 13:28:30,79.27,Bangalore,Old,Petrol,GPay,13,0,Tuesday,2026-01-20
89278,2026-01-28 12:38:30,84.91,Chennai,New,BillPay,PhonePe,12,1,Wednesday,2026-01-28
15465,2026-01-02 21:32:00,124.13,Mumbai,New,Petrol,Paytm,21,1,Friday,2026-01-02
80156,2026-01-25 08:37:30,54.85,Delhi,Old,Grocery,PhonePe,8,0,Sunday,2026-01-25
80670,2026-01-25 12:54:30,610.12,Mumbai,Old,BillPay,PhonePe,12,0,Sunday,2026-01-25
66014,2026-01-20 10:46:30,47.15,Mumbai,New,Petrol,Paytm,10,1,Tuesday,2026-01-20
22086,2026-01-05 04:42:30,136.38,Coimbatore,Old,Zomato,Paytm,4,1,Monday,2026-01-05
66819,2026-01-20 17:29:00,657.03,Coimbatore,Old,Petrol,GPay,17,0,Tuesday,2026-01-20
30001,2026-01-07 22:40:00,523.73,Hyderabad,New,Swiggy,Paytm,22,0,Wednesday,2026-01-07
79067,2026-01-24 23:33:00,252.42,Bangalore,Old,Grocery,Paytm,23,0,Saturday,2026-01-24
60453,2026-01-18 12:26:00,166.13,Mumbai,Old,Amazon,GPay,12,0,Sunday,2026-01-18
100710,2026-02-01 11:54:30,36.29,Hyderabad,Old,BillPay,Paytm,11,0,Sunday,2026-02-01
62885,2026-01-19 08:42:00,590.08,Hyderabad,New,Amazon,GPay,8,0,Monday,2026-01-19
40964,2026-01-11 18:01:30,23.34,Hyderabad,Old,Grocery,GPay,18,0,Sunday,2026-01-11
44574,2026-01-13 00:06:30,768.57,Delhi,Old,Grocery,GPay,0,1,Tuesday,2026-01-13
25295,2026-01-06 07:27:00,157.71,Coimbatore,Old,Petrol,PhonePe,7,0,Tuesday,2026-01-06
37919,2026-01-10 16:39:00,548.04,Coimbatore,Old,Grocery,Paytm,16,0,Saturday,2026-01-10
56121,2026-01-17 00:20:00,591.61,Delhi,Old,BillPay,GPay,0,1,Saturday,2026-01-17
45074,2026-01-13 04:16:30,532.54,Coimbatore,Old,Amazon,GPay,4,1,Tuesday,2026-01-13
20551,2026-01-04 15:55:00,228.65,Bangalore,Old,Amazon,GPay,15,0,Sunday,2026-01-04
101128,2026-02-01 15:23:30,17.89,Coimbatore,Old,Amazon,GPay,15,0,Sunday,2026-02-01
10691,2026-01-01 05:45:00,156.44,Mumbai,Old,Zomato,Paytm,5,0,Thursday,2026-01-01
87730,2026-01-27 23:44:30,554.98,Bangalore,New,Petrol,GPay,23,0,Tuesday,2026-01-27
46097,2026-01-13 12:48:00,142.79,Coimbatore,Old,Petrol,PhonePe,12,0,Tuesday,2026-01-13
75352,2026-01-23 16:35:30,231.0,Coimbatore,Old,Grocery,Paytm,16,0,Friday,2026-01-23
21041,2026-01-04 20:00:00,341.73,Chennai,Old,Zomato,Paytm,20,0,Sunday,2026-01-04
14222,2026-01-02 11:10:30,380.39,Bangalore,New,Grocery,Paytm,11,1,Friday,2026-01-02
10822,2026-01-01 06:50:30,1.86,Hyderabad,New,Petrol,GPay,6,1,Thursday,2026-01-01
48129,2026-01-14 05:44:00,639.31,Hyderabad,New,Swiggy,Paytm,5,0,Wednesday,2026-01-14
99152,2026-01-31 22:55:30,114.74,Mumbai,Old,BillPay,Paytm,22,0,Saturday,2026-01-31
39232,2026-01-11 03:35:30,234.15,Mumbai,New,Zomato,Paytm,3,1,Sunday,2026-01-11
60557,2026-01-18 13:18:00,582.82,Delhi,New,Zomato,Paytm,13,0,Sunday,2026-01-18
43685,2026-01-12 16:42:00,555.63,Coimbatore,Old,Swiggy,Paytm,16,0,Monday,2026-01-12
68754,2026-01-21 09:36:30,1310.44,Chennai,Old,BillPay,GPay,9,0,Wednesday,2026-01-21
37023,2026-01-10 09:11:00,138.99,Chennai,Old,Petrol,GPay,9,0,Saturday,2026-01-10
46906,2026-01-13 19:32:30,405.58,Bangalore,Old,Petrol,PhonePe,19,0,Tuesday,2026-01-13
10271,2026-01-01 02:15:00,662.95,Chennai,Old,BillPay,GPay,2,1,Thursday,2026-01-01
18867,2026-01-04 01:53:00,216.51,Delhi,Old,Zomato,GPay,1,1,Sunday,2026-01-04
25007,2026-01-06 05:03:00,119.29,Chennai,Old,Petrol,Paytm,5,0,Tuesday,2026-01-06
14689,2026-01-02 15:04:00,314.33,Mumbai,Old,Zomato,PhonePe,15,0,Friday,2026-01-02
91996,2026-01-29 11:17:30,372.09,Bangalore,New,Amazon,Paytm,11,1,Thursday,2026-01-29
94373,2026-01-30 07:06:00,34.97,Chennai,Old,Amazon,Paytm,7,0,Friday,2026-01-30
12515,2026-01-01 20:57:00,394.03,Coimbatore,New,Grocery,Paytm,20,1,Thursday,2026-01-01
46400,2026-01-13 15:19:30,456.99,Bangalore,New,Petrol,Paytm,15,1,Tuesday,2026-01-13
48869,2026-01-14 11:54:00,762.61,Mumbai,New,Grocery,PhonePe,11,0,Wednesday,2026-01-14
68245,2026-01-21 05:22:00,69.41,Mumbai,Old,Petrol,GPay,5,0,Wednesday,2026-01-21
40410,2026-01-11 13:24:30,343.81,Hyderabad,New,Zomato,Paytm,13,1,Sunday,2026-01-11
64795,2026-01-20 00:37:00,247.7,Chennai,Old,Amazon,Paytm,0,1,Tuesday,2026-01-20
29264,2026-01-07 16:31:30,62.89,Bangalore,New,BillPay,PhonePe,16,1,Wednesday,2026-01-07
93910,2026-01-30 03:14:30,254.8,Chennai,Old,Grocery,PhonePe,3,1,Friday,2026-01-30
36974,2026-01-10 08:46:30,481.31,Delhi,Old,BillPay,PhonePe,8,0,Saturday,2026-01-10
17130,2026-01-03 11:24:30,1161.06,Coimbatore,Old,Zomato,PhonePe,11,0,Saturday,2026-01-03
17145,2026-01-03 11:32:00,1084.78,Bangalore,Old,BillPay,Paytm,11,0,Saturday,2026-01-03
55466,2026-01-16 18:52:30,533.44,Hyderabad,New,BillPay,GPay,18,0,Friday,2026-01-16
11967,2026-01-01 16:23:00,81.57,Delhi,Old,Swiggy,PhonePe,16,0,Thursday,2026-01-01
25153,2026-01-06 06:16:00,1234.95,Bangalore,Old,Petrol,PhonePe,6,0,Tuesday,2026-01-06
29114,2026-01-07 15:16:30,191.28,Bangalore,New,BillPay,PhonePe,15,1,Wednesday,2026-01-07
86207,2026-01-27 11:03:00,833.61,Delhi,Old,Zomato,PhonePe,11,0,Tuesday,2026-01-27
42142,2026-01-12 03:50:30,665.06,Bangalore,New,BillPay,PhonePe,3,1,Monday,2026-01-12
31935,2026-01-08 14:47:00,582.71,Mumbai,New,Swiggy,Paytm,14,0,Thursday,2026-01-08
50360,2026-01-15 00:19:30,84.56,Hyderabad,New,Zomato,GPay,0,1,Thursday,2026-01-15
63842,2026-01-19 16:40:30,329.06,Chennai,Old,Amazon,Paytm,16,0,Monday,2026-01-19
19163,2026-01-04 04:21:00,586.43,Delhi,Old,Zomato,GPay,4,1,Sunday,2026-01-04
97844,2026-01-31 12:01:30,408.32,Mumbai,Old,Swiggy,GPay,12,0,Saturday,2026-01-31
47630,2026-01-14 01:34:30,324.42,Hyderabad,Old,Petrol,Paytm,1,1,Wednesday,2026-01-14
93305,2026-01-29 22:12:00,515.33,Mumbai,Old,Amazon,Paytm,22,0,Thursday,2026-01-29
76270,2026-01-24 00:14:30,226.33,Bangalore,New,Amazon,GPay,0,1,Saturday,2026-01-24
44654,2026-01-13 00:46:30,68.82,Delhi,Old,Zomato,PhonePe,0,1,Tuesday,2026-01-13
51963,2026-01-15 13:41:00,137.58,Bangalore,Old,Grocery,GPay,13,0,Thursday,2026-01-15
49591,2026-01-14 17:55:00,745.13,Coimbatore,Old,BillPay,PhonePe,17,0,Wednesday,2026-01-14
91036,2026-01-29 03:17:30,60.49,Mumbai,Old,Petrol,PhonePe,3,1,Thursday,2026-01-29
20981,2026-01-04 19:30:00,471.86,Bangalore,Old,Petrol,Paytm,19,0,Sunday,2026-01-04
66300,2026-01-20 13:09:30,1198.06,Bangalore,Old,BillPay,Paytm,13,0,Tuesday,2026-01-20
71549,2026-01-22 08:54:00,325.71,Hyderabad,Old,BillPay,Paytm,8,0,Thursday,2026-01-22
98401,2026-01-31 16:40:00,140.3,Bangalore,Old,Petrol,GPay,16,0,Saturday,2026-01-31
54324,2026-01-16 09:21:30,19.52,Hyderabad,Old,BillPay,Paytm,9,0,Friday,2026-01-16
65208,2026-01-20 04:03:30,218.41,Mumbai,New,Swiggy,PhonePe,4,1,Tuesday,2026-01-20
63528,2026-01-19 14:03:30,397.67,Chennai,Old,Petrol,GPay,14,0,Monday,2026-01-19
36971,2026-01-10 08:45:00,574.72,Delhi,Old,Grocery,GPay,8,0,Saturday,2026-01-10
83218,2026-01-26 10:08:30,243.94,Hyderabad,New,Zomato,GPay,10,1,Monday,2026-01-26
75891,2026-01-23 21:05:00,321.44,Coimbatore,Old,Grocery,GPay,21,0,Friday,2026-01-23
52222,2026-01-15 15:50:30,137.65,Bangalore,Old,Amazon,PhonePe,15,0,Thursday,2026-01-15
107866,2026-02-03 23:32:30,5.19,Chennai,Old,Swiggy,Paytm,23,0,Tuesday,2026-02-03
22251,2026-01-05 06:05:00,440.88,Coimbatore,New,Amazon,Paytm,6,1,Monday,2026-01-05
79437,2026-01-25 02:38:00,159.83,Hyderabad,New,BillPay,PhonePe,2,1,Sunday,2026-01-25
48433,2026-01-14 08:16:00,415.95,Coimbatore,Old,Swiggy,Paytm,8,0,Wednesday,2026-01-14
50890,2026-01-15 04:44:30,229.03,Coimbatore,Old,Grocery,Paytm,4,1,Thursday,2026-01-15
40999,2026-01-11 18:19:00,285.71,Mumbai,New,Swiggy,Paytm,18,1,Sunday,2026-01-11
66146,2026-01-20 11:52:30,182.35,Hyderabad,Old,Swiggy,PhonePe,11,0,Tuesday,2026-01-20
105414,2026-02-03 03:06:30,75.33,Hyderabad,New,BillPay,Paytm,3,1,Tuesday,2026-02-03
32156,2026-01-08 16:37:30,199.14,Coimbatore,Old,Swiggy,PhonePe,16,0,Thursday,2026-01-08
27614,2026-01-07 02:46:30,184.13,Chennai,Old,Grocery,GPay,2,1,Wednesday,2026-01-07
66444,2026-01-20 14:21:30,235.81,Coimbatore,Old,BillPay,Paytm,14,0,Tuesday,2026-01-20
108400,2026-02-04 03:59:30,343.05,Coimbatore,Old,Grocery,PhonePe,3,1,Wednesday,2026-02-04
34053,2026-01-09 08:26:00,284.27,Hyderabad,Old,BillPay,Paytm,8,0,Friday,2026-01-09
60243,2026-01-18 10:41:00,363.06,Bangalore,Old,Zomato,Paytm,10,0,Sunday,2026-01-18
68999,2026-01-21 11:39:00,92.32,Coimbatore,New,Zomato,PhonePe,11,1,Wednesday,2026-01-21
41345,2026-01-11 21:12:00,84.58,Bangalore,New,Zomato,PhonePe,21,1,Sunday,2026-01-11
71242,2026-01-22 06:20:30,289.65,Coimbatore,Old,Swiggy,Paytm,6,0,Thursday,2026-01-22
102530,2026-02-02 03:04:30,585.59,Coimbatore,New,Grocery,PhonePe,3,1,Monday,2026-02-02
90829,2026-01-29 01:34:00,220.43,Hyderabad,Old,Swiggy,Paytm,1,1,Thursday,2026-01-29
61726,2026-01-18 23:02:30,406.23,Hyderabad,Old,BillPay,PhonePe,23,0,Sunday,2026-01-18
43880,2026-01-12 18:19:30,360.09,Mumbai,New,Zomato,Paytm,18,1,Monday,2026-01-12
93007,2026-01-29 19:43:00,402.49,Chennai,New,Amazon,PhonePe,19,1,Thursday,2026-01-29
83909,2026-01-26 15:54:00,86.57,Bangalore,New,BillPay,GPay,15,1,Monday,2026-01-26
77247,2026-01-24 08:23:00,84.13,Hyderabad,Old,Swiggy,Paytm,8,0,Saturday,2026-01-24
98808,2026-01-31 20:03:30,263.87,Chennai,New,Petrol,Paytm,20,1,Saturday,2026-01-31
23122,2026-01-05 13:20:30,17.75,Bangalore,Old,BillPay,Paytm,13,0,Monday,2026-01-05
18258,2026-01-03 20:48:30,1585.95,Bangalore,New,Petrol,Paytm,20,0,Saturday,2026-01-03
103381,2026-02-02 10:10:00,327.4,Coimbatore,Old,Petrol,Paytm,10,0,Monday,2026-02-02
23915,2026-01-05 19:57:00,256.63,Bangalore,New,Grocery,Paytm,19,1,Monday,2026-01-05
40903,2026-01-11 17:31:00,351.1,Mumbai,Old,Zomato,PhonePe,17,0,Sunday,2026-01-11
82859,2026-01-26 07:09:00,45.52,Mumbai,Old,Grocery,Paytm,7,0,Monday,2026-01-26
30293,2026-01-08 01:06:00,292.26,Delhi,New,Amazon,Paytm,1,1,Thursday,2026-01-08
68171,2026-01-21 04:45:00,395.42,Coimbatore,Old,Swiggy,Paytm,4,1,Wednesday,2026-01-21
30950,2026-01-08 06:34:30,136.39,Bangalore,Old,Swiggy,PhonePe,6,0,Thursday,2026-01-08
46695,2026-01-13 17:47:00,126.17,Hyderabad,Old,Amazon,Paytm,17,0,Tuesday,2026-01-13
18526,2026-01-03 23:02:30,9.1,Bangalore,Old,Grocery,GPay,23,0,Saturday,2026-01-03
88272,2026-01-28 04:15:30,264.63,Mumbai,New,Petrol,GPay,4,1,Wednesday,2026-01-28
87403,2026-01-27 21:01:00,1029.11,Mumbai,Old,Zomato,PhonePe,21,0,Tuesday,2026-01-27
87652,2026-01-27 23:05:30,190.01,Hyderabad,Old,Zomato,GPay,23,0,Tuesday,2026-01-27
109837,2026-02-04 15:58:00,791.26,Mumbai,Old,Grocery,Paytm,15,0,Wednesday,2026-02-04
102272,2026-02-02 00:55:30,316.15,Hyderabad,Old,Swiggy,PhonePe,0,1,Monday,2026-02-02
39776,2026-01-11 08:07:30,1268.36,Delhi,Old,Amazon,Paytm,8,0,Sunday,2026-01-11
44808,2026-01-13 02:03:30,280.41,Bangalore,Old,Swiggy,GPay,2,1,Tuesday,2026-01-13
26886,2026-01-06 20:42:30,222.96,Mumbai,Old,BillPay,Paytm,20,0,Tuesday,2026-01-06
59984,2026-01-18 08:31:30,800.64,Mumbai,Old,Amazon,GPay,8,0,Sunday,2026-01-18
72615,2026-01-22 17:47:00,274.87,Hyderabad,Old,Amazon,GPay,17,0,Thursday,2026-01-22
24229,2026-01-05 22:34:00,0.69,Delhi,Old,Zomato,GPay,22,0,Monday,2026-01-05
62177,2026-01-19 02:48:00,180.19,Hyderabad,Old,BillPay,GPay,2,1,Monday,2026-01-19
18029,2026-01-03 18:54:00,297.3,Mumbai,New,Grocery,Paytm,18,1,Saturday,2026-01-03
38922,2026-01-11 01:00:30,372.52,Chennai,Old,Petrol,GPay,1,1,Sunday,2026-01-11
79420,2026-01-25 02:29:30,748.65,Chennai,New,Zomato,Paytm,2,1,Sunday,2026-01-25
80812,2026-01-25 14:05:30,615.84,Coimbatore,Old,Grocery,PhonePe,14,0,Sunday,2026-01-25
44364,2026-01-12 22:21:30,649.46,Bangalore,New,Zomato,Paytm,22,0,Monday,2026-01-12
53204,2026-01-16 00:01:30,2454.95,Chennai,Old,Amazon,GPay,0,1,Friday,2026-01-16
46795,2026-01-13 18:37:00,317.72,Hyderabad,Old,Grocery,Paytm,18,0,Tuesday,2026-01-13
107027,2026-02-03 16:33:00,296.68,Mumbai,Old,BillPay,Paytm,16,0,Tuesday,2026-02-03
73343,2026-01-22 23:51:00,462.82,Hyderabad,Old,Grocery,Paytm,23,0,Thursday,2026-01-22
46956,2026-01-13 19:57:30,601.22,Coimbatore,Old,Swiggy,Paytm,19,0,Tuesday,2026-01-13
79229,2026-01-25 00:54:00,886.91,Chennai,Old,BillPay,PhonePe,0,1,Sunday,2026-01-25
19424,2026-01-04 06:31:30,205.43,Hyderabad,Old,Swiggy,Paytm,6,0,Sunday,2026-01-04
96001,2026-01-30 20:40:00,619.29,Mumbai,New,Amazon,PhonePe,20,0,Friday,2026-01-30
26959,2026-01-06 21:19:00,881.46,Chennai,New,Amazon,Paytm,21,0,Tuesday,2026-01-06
31615,2026-01-08 12:07:00,630.04,Coimbatore,Old,Swiggy,PhonePe,12,0,Thursday,2026-01-08
71462,2026-01-22 08:10:30,62.86,Hyderabad,Old,Grocery,PhonePe,8,0,Thursday,2026-01-22
71774,2026-01-22 10:46:30,381.38,Delhi,Old,Amazon,Paytm,10,0,Thursday,2026-01-22
96802,2026-01-31 03:20:30,606.17,Coimbatore,Old,Grocery,PhonePe,3,1,Saturday,2026-01-31
77503,2026-01-24 10:31:00,36.17,Coimbatore,Old,Grocery,PhonePe,10,0,Saturday,2026-01-24
89371,2026-01-28 13:25:00,373.86,Delhi,New,Swiggy,PhonePe,13,1,Wednesday,2026-01-28
44497,2026-01-12 23:28:00,222.17,Bangalore,Old,BillPay,GPay,23,0,Monday,2026-01-12
53009,2026-01-15 22:24:00,508.83,Delhi,Old,BillPay,Paytm,22,0,Thursday,2026-01-15
101598,2026-02-01 19:18:30,641.72,Bangalore,Old,Amazon,Paytm,19,0,Sunday,2026-02-01
85439,2026-01-27 04:39:00,181.23,Bangalore,New,Petrol,Paytm,4,1,Tuesday,2026-01-27
39720,2026-01-11 07:39:30,292.19,Hyderabad,Old,Petrol,PhonePe,7,0,Sunday,2026-01-11
48607,2026-01-14 09:43:00,549.65,Hyderabad,Old,Swiggy,GPay,9,0,Wednesday,2026-01-14
87127,2026-01-27 18:43:00,276.71,Chennai,New,Grocery,GPay,18,1,Tuesday,2026-01-27
107088,2026-02-03 17:03:30,81.84,Bangalore,Old,Amazon,Paytm,17,0,Tuesday,2026-02-03
34627,2026-01-09 13:13:00,263.36,Hyderabad,New,Petrol,PhonePe,13,1,Friday,2026-01-09
71815,2026-01-22 11:07:00,707.51,Hyderabad,New,Petrol,PhonePe,11,0,Thursday,2026-01-22
79756,2026-01-25 05:17:30,318.83,Chennai,Old,Amazon,Paytm,5,0,Sunday,2026-01-25
21931,2026-01-05 03:25:00,468.27,Delhi,Old,BillPay,GPay,3,1,Monday,2026-01-05
26161,2026-01-06 14:40:00,312.39,Delhi,Old,Grocery,Paytm,14,0,Tuesday,2026-01-06
57440,2026-01-17 11:19:30,1273.54,Bangalore,Old,Zomato,GPay,11,0,Saturday,2026-01-17
44606,2026-01-13 00:22:30,139.13,Chennai,New,BillPay,GPay,0,1,Tuesday,2026-01-13
24107,2026-01-05 21:33:00,330.92,Bangalore,New,Zomato,GPay,21,1,Monday,2026-01-05
100651,2026-02-01 11:25:00,541.52,Mumbai,New,Petrol,PhonePe,11,0,Sunday,2026-02-01
108435,2026-02-04 04:17:00,217.14,Hyderabad,Old,Amazon,PhonePe,4,1,Wednesday,2026-02-04
27503,2026-01-07 01:51:00,1014.0,Bangalore,Old,BillPay,Paytm,1,1,Wednesday,2026-01-07
73486,2026-01-23 01:02:30,352.58,Delhi,Old,BillPay,PhonePe,1,1,Friday,2026-01-23
43076,2026-01-12 11:37:30,239.05,Delhi,Old,Petrol,Paytm,11,0,Monday,2026-01-12
89809,2026-01-28 17:04:00,506.42,Mumbai,Old,BillPay,PhonePe,17,0,Wednesday,2026-01-28
100791,2026-02-01 12:35:00,248.85,Chennai,Old,Amazon,PhonePe,12,0,Sunday,2026-02-01
103365,2026-02-02 10:02:00,190.59,Chennai,Old,Zomato,Paytm,10,0,Monday,2026-02-02
28293,2026-01-07 08:26:00,186.02,Delhi,Old,Swiggy,GPay,8,0,Wednesday,2026-01-07
53850,2026-01-16 05:24:30,109.44,Bangalore,Old,Grocery,Paytm,5,0,Friday,2026-01-16
45068,2026-01-13 04:13:30,113.5,Delhi,New,Amazon,Paytm,4,1,Tuesday,2026-01-13
71393,2026-01-22 07:36:00,75.7,Delhi,New,Petrol,PhonePe,7,1,Thursday,2026-01-22
37382,2026-01-10 12:10:30,427.43,Coimbatore,New,BillPay,Paytm,12,1,Saturday,2026-01-10
95414,2026-01-30 15:46:30,751.63,Coimbatore,New,BillPay,PhonePe,15,0,Friday,2026-01-30
23798,2026-01-05 18:58:30,348.32,Bangalore,New,Swiggy,Paytm,18,1,Monday,2026-01-05
11729,2026-01-01 14:24:00,672.74,Mumbai,Old,Grocery,Paytm,14,0,Thursday,2026-01-01
76101,2026-01-23 22:50:00,136.63,Hyderabad,Old,Grocery,Paytm,22,0,Friday,2026-01-23
17678,2026-01-03 15:58:30,1337.44,Coimbatore,Old,Grocery,Paytm,15,0,Saturday,2026-01-03
83315,2026-01-26 10:57:00,91.0,Delhi,New,Grocery,PhonePe,10,1,Monday,2026-01-26
79696,2026-01-25 04:47:30,72.78,Mumbai,Old,Amazon,GPay,4,1,Sunday,2026-01-25
15439,2026-01-02 21:19:00,12.33,Mumbai,Old,BillPay,GPay,21,0,Friday,2026-01-02
83381,2026-01-26 11:30:00,285.85,Coimbatore,Old,Petrol,Paytm,11,0,Monday,2026-01-26
44591,2026-01-13 00:15:00,56.01,Hyderabad,Old,BillPay,PhonePe,0,1,Tuesday,2026-01-13
18453,2026-01-03 22:26:00,474.74,Hyderabad,Old,Petrol,Paytm,22,0,Saturday,2026-01-03
16235,2026-01-03 03:57:00,190.38,Delhi,Old,Petrol,GPay,3,1,Saturday,2026-01-03
66580,2026-01-20 15:29:30,285.89,Mumbai,Old,Petrol,Paytm,15,0,Tuesday,2026-01-20
54069,2026-01-16 07:14:00,1031.42,Delhi,Old,Swiggy,PhonePe,7,0,Friday,2026-01-16
83662,2026-01-26 13:50:30,231.43,Coimbatore,New,Swiggy,GPay,13,1,Monday,2026-01-26
28242,2026-01-07 08:00:30,177.52,Hyderabad,Old,Amazon,GPay,8,0,Wednesday,2026-01-07
82560,2026-01-26 04:39:30,2554.62,Coimbatore,Old,Zomato,GPay,4,1,Monday,2026-01-26
21373,2026-01-04 22:46:00,640.23,Coimbatore,New,Petrol,PhonePe,22,0,Sunday,2026-01-04
63068,2026-01-19 10:13:30,279.95,Bangalore,Old,Zomato,GPay,10,0,Monday,2026-01-19
64397,2026-01-19 21:18:00,376.62,Chennai,Old,Swiggy,Paytm,21,0,Monday,2026-01-19
70744,2026-01-22 02:11:30,156.11,Coimbatore,Old,Grocery,Paytm,2,1,Thursday,2026-01-22
14233,2026-01-02 11:16:00,177.65,Mumbai,Old,Petrol,GPay,11,0,Friday,2026-01-02
76150,2026-01-23 23:14:30,96.75,Chennai,Old,Amazon,Paytm,23,0,Friday,2026-01-23
10227,2026-01-01 01:53:00,1444.92,Hyderabad,Old,Amazon,Paytm,1,1,Thursday,2026-01-01
48051,2026-01-14 05:05:00,211.44,Bangalore,Old,BillPay,Paytm,5,0,Wednesday,2026-01-14
85831,2026-01-27 07:55:00,69.56,Mumbai,Old,Grocery,PhonePe,7,0,Tuesday,2026-01-27
21713,2026-01-05 01:36:00,467.91,Coimbatore,New,Petrol,PhonePe,1,1,Monday,2026-01-05
99799,2026-02-01 04:19:00,109.95,Coimbatore,Old,BillPay,Paytm,4,1,Sunday,2026-02-01
94722,2026-01-30 10:00:30,153.56,Chennai,Old,Petrol,Paytm,10,0,Friday,2026-01-30
21651,2026-01-05 01:05:00,178.01,Chennai,New,Zomato,PhonePe,1,1,Monday,2026-01-05
73793,2026-01-23 03:36:00,430.66,Mumbai,Old,BillPay,Paytm,3,1,Friday,2026-01-23
28332,2026-01-07 08:45:30,278.0,Delhi,Old,BillPay,Paytm,8,0,Wednesday,2026-01-07
69465,2026-01-21 15:32:00,9.62,Chennai,Old,Swiggy,GPay,15,0,Wednesday,2026-01-21
41839,2026-01-12 01:19:00,532.58,Delhi,Old,Grocery,PhonePe,1,1,Monday,2026-01-12
45888,2026-01-13 11:03:30,556.61,Delhi,Old,Grocery,GPay,11,0,Tuesday,2026-01-13
80558,2026-01-25 11:58:30,303.32,Coimbatore,New,Amazon,Paytm,11,1,Sunday,2026-01-25
78842,2026-01-24 21:40:30,353.5,Delhi,Old,Petrol,GPay,21,0,Saturday,2026-01-24
54300,2026-01-16 09:09:30,213.33,Hyderabad,New,BillPay,GPay,9,1,Friday,2026-01-16
49432,2026-01-14 16:35:30,5.42,Bangalore,Old,BillPay,GPay,16,0,Wednesday,2026-01-14
81758,2026-01-25 21:58:30,261.97,Mumbai,New,Swiggy,PhonePe,21,1,Sunday,2026-01-25
61267,2026-01-18 19:13:00,99.24,Bangalore,Old,BillPay,PhonePe,19,0,Sunday,2026-01-18
59809,2026-01-18 07:04:00,53.83,Chennai,Old,BillPay,Paytm,7,0,Sunday,2026-01-18
96689,2026-01-31 02:24:00,185.15,Delhi,New,Amazon,GPay,2,1,Saturday,2026-01-31
71005,2026-01-22 04:22:00,87.65,Delhi,New,Swiggy,PhonePe,4,1,Thursday,2026-01-22
70771,2026-01-22 02:25:00,1058.4,Chennai,Old,Swiggy,PhonePe,2,1,Thursday,2026-01-22
10088,2026-01-01 00:43:30,405.96,Mumbai,Old,Amazon,GPay,0,1,Thursday,2026-01-01
87204,2026-01-27 19:21:30,885.13,Chennai,New,BillPay,PhonePe,19,0,Tuesday,2026-01-27
61988,2026-01-19 01:13:30,248.86,Delhi,New,Petrol,GPay,1,1,Monday,2026-01-19
92150,2026-01-29 12:34:30,92.69,Hyderabad,Old,Zomato,PhonePe,12,0,Thursday,2026-01-29
53734,2026-01-16 04:26:30,433.7,Chennai,Old,Grocery,GPay,4,1,Friday,2026-01-16
105182,2026-02-03 01:10:30,185.75,Mumbai,Old,Amazon,GPay,1,1,Tuesday,2026-02-03
98477,2026-01-31 17:18:00,323.9,Hyderabad,Old,Zomato,PhonePe,17,0,Saturday,2026-01-31
72006,2026-01-22 12:42:30,373.74,Bangalore,Old,Swiggy,Paytm,12,0,Thursday,2026-01-22
40884,2026-01-11 17:21:30,159.32,Delhi,New,Grocery,GPay,17,1,Sunday,2026-01-11
60767,2026-01-18 15:03:00,298.04,Chennai,Old,Amazon,PhonePe,15,0,Sunday,2026-01-18
84956,2026-01-27 00:37:30,271.97,Coimbatore,Old,Petrol,PhonePe,0,1,Tuesday,2026-01-27
22751,2026-01-05 10:15:00,11.48,Hyderabad,Old,BillPay,GPay,10,0,Monday,2026-01-05
46507,2026-01-13 16:13:00,163.52,Hyderabad,New,Petrol,GPay,16,1,Tuesday,2026-01-13
19938,2026-01-04 10:48:30,452.2,Mumbai,New,BillPay,PhonePe,10,1,Sunday,2026-01-04
28374,2026-01-07 09:06:30,1168.97,Delhi,Old,Swiggy,Paytm,9,0,Wednesday,2026-01-07
102221,2026-02-02 00:30:00,152.35,Mumbai,New,Amazon,GPay,0,1,Monday,2026-02-02
100730,2026-02-01 12:04:30,108.77,Mumbai,New,Grocery,PhonePe,12,1,Sunday,2026-02-01
22397,2026-01-05 07:18:00,366.64,Chennai,Old,Amazon,PhonePe,7,0,Monday,2026-01-05
104922,2026-02-02 23:00:30,192.39,Delhi,Old,Swiggy,GPay,23,0,Monday,2026-02-02
43802,2026-01-12 17:40:30,531.8,Bangalore,Old,BillPay,Paytm,17,0,Monday,2026-01-12
11231,2026-01-01 10:15:00,898.1,Delhi,Old,Petrol,GPay,10,0,Thursday,2026-01-01
30335,2026-01-08 01:27:00,646.48,Hyderabad,Old,Grocery,Paytm,1,1,Thursday,2026-01-08
88044,2026-01-28 02:21:30,635.34,Mumbai,Old,BillPay,GPay,2,1,Wednesday,2026-01-28
50351,2026-01-15 00:15:00,477.5,Bangalore,New,Grocery,Paytm,0,1,Thursday,2026-01-15
60863,2026-01-18 15:51:00,144.82,Mumbai,Old,Grocery,Paytm,15,0,Sunday,2026-01-18
75410,2026-01-23 17:04:30,1315.69,Delhi,Old,Swiggy,GPay,17,0,Friday,2026-01-23
108466,2026-02-04 04:32:30,435.44,Hyderabad,Old,Zomato,Paytm,4,1,Wednesday,2026-02-04
93943,2026-01-30 03:31:00,322.26,Coimbatore,Old,Petrol,GPay,3,1,Friday,2026-01-30
45641,2026-01-13 09:00:00,488.42,Bangalore,Old,BillPay,GPay,9,0,Tuesday,2026-01-13
86610,2026-01-27 14:24:30,512.64,Hyderabad,Old,Amazon,Paytm,14,0,Tuesday,2026-01-27
11046,2026-01-01 08:42:30,382.7,Chennai,Old,BillPay,Paytm,8,0,Thursday,2026-01-01
107796,2026-02-03 22:57:30,239.38,Coimbatore,Old,Zomato,GPay,22,0,Tuesday,2026-02-03
15938,2026-01-03 01:28:30,95.34,Delhi,Old,Swiggy,GPay,1,1,Saturday,2026-01-03
67688,2026-01-21 00:43:30,296.06,Hyderabad,Old,Zomato,Paytm,0,1,Wednesday,2026-01-21
17896,2026-01-03 17:47:30,755.57,Coimbatore,Old,Amazon,PhonePe,17,0,Saturday,2026-01-03
97485,2026-01-31 09:02:00,506.84,Coimbatore,Old,Petrol,Paytm,9,0,Saturday,2026-01-31
27571,2026-01-07 02:25:00,1047.93,Bangalore,Old,BillPay,Paytm,2,1,Wednesday,2026-01-07
63065,2026-01-19 10:12:00,353.86,Delhi,New,Amazon,PhonePe,10,1,Monday,2026-01-19
21142,2026-01-04 20:50:30,1138.75,Hyderabad,Old,Petrol,PhonePe,20,0,Sunday,2026-01-04
106937,2026-02-03 15:48:00,921.33,Coimbatore,Old,Swiggy,GPay,15,0,Tuesday,2026-02-03
60491,2026-01-18 12:45:00,71.03,Mumbai,New,Petrol,Paytm,12,1,Sunday,2026-01-18
43223,2026-01-12 12:51:00,99.26,Bangalore,Old,BillPay,PhonePe,12,0,Monday,2026-01-12
92507,2026-01-29 15:33:00,875.72,Delhi,Old,Grocery,GPay,15,0,Thursday,2026-01-29
46297,2026-01-13 14:28:00,159.92,Hyderabad,New,Petrol,PhonePe,14,1,Tuesday,2026-01-13
77925,2026-01-24 14:02:00,311.26,Bangalore,New,Swiggy,PhonePe,14,1,Saturday,2026-01-24
104405,2026-02-02 18:42:00,497.6,Delhi,Old,Grocery,Paytm,18,0,Monday,2026-02-02
94993,2026-01-30 12:16:00,100.5,Coimbatore,New,Zomato,GPay,12,1,Friday,2026-01-30
72123,2026-01-22 13:41:00,784.62,Bangalore,Old,Zomato,GPay,13,0,Thursday,2026-01-22
75744,2026-01-23 19:51:30,148.19,Chennai,New,BillPay,PhonePe,19,1,Friday,2026-01-23
50247,2026-01-14 23:23:00,159.09,Delhi,Old,BillPay,Paytm,23,0,Wednesday,2026-01-14
26362,2026-01-06 16:20:30,120.71,Delhi,New,Petrol,PhonePe,16,1,Tuesday,2026-01-06
65939,2026-01-20 10:09:00,108.23,Hyderabad,Old,BillPay,Paytm,10,0,Tuesday,2026-01-20
38675,2026-01-10 22:57:00,1700.85,Hyderabad,New,Grocery,Paytm,22,0,Saturday,2026-01-10
33958,2026-01-09 07:38:30,82.37,Mumbai,Old,BillPay,Paytm,7,0,Friday,2026-01-09
17859,2026-01-03 17:29:00,58.64,Bangalore,New,Swiggy,Paytm,17,1,Saturday,2026-01-03
104213,2026-02-02 17:06:00,105.13,Coimbatore,Old,Zomato,GPay,17,0,Monday,2026-02-02
73352,2026-01-22 23:55:30,664.3,Coimbatore,Old,Petrol,GPay,23,0,Thursday,2026-01-22
60199,2026-01-18 10:19:00,476.31,Bangalore,Old,BillPay,GPay,10,0,Sunday,2026-01-18
65239,2026-01-20 04:19:00,512.0,Bangalore,Old,Zomato,GPay,4,1,Tuesday,2026-01-20
108341,2026-02-04 03:30:00,403.02,Hyderabad,New,Zomato,PhonePe,3,1,Wednesday,2026-02-04
23706,2026-01-05 18:12:30,46.62,Mumbai,Old,Zomato,Paytm,18,0,Monday,2026-01-05
23580,2026-01-05 17:09:30,446.08,Mumbai,Old,Swiggy,PhonePe,17,0,Monday,2026-01-05
44571,2026-01-13 00:05:00,974.57,Mumbai,Old,Swiggy,Paytm,0,1,Tuesday,2026-01-13
103622,2026-02-02 12:10:30,855.96,Chennai,Old,Swiggy,PhonePe,12,0,Monday,2026-02-02
12105,2026-01-01 17:32:00,630.52,Delhi,Old,Grocery,GPay,17,0,Thursday,2026-01-01
84361,2026-01-26 19:40:00,555.69,Bangalore,Old,BillPay,Paytm,19,0,Monday,2026-01-26
95889,2026-01-30 19:44:00,662.39,Mumbai,Old,Swiggy,PhonePe,19,0,Friday,2026-01-30
109907,2026-02-04 16:33:00,233.3,Mumbai,Old,Swiggy,Paytm,16,0,Wednesday,2026-02-04
66430,2026-01-20 14:14:30,34.32,Bangalore,Old,Zomato,PhonePe,14,0,Tuesday,2026-01-20
96503,2026-01-31 00:51:00,1016.31,Coimbatore,Old,Grocery,Paytm,0,1,Saturday,2026-01-31
22470,2026-01-05 07:54:30,371.95,Hyderabad,New,Zomato,GPay,7,1,Monday,2026-01-05
24779,2026-01-06 03:09:00,261.34,Delhi,Old,Grocery,PhonePe,3,1,Tuesday,2026-01-06
37544,2026-01-10 13:31:30,296.22,Hyderabad,Old,Amazon,Paytm,13,0,Saturday,2026-01-10
107977,2026-02-04 00:28:00,86.09,Coimbatore,Old,Zomato,Paytm,0,1,Wednesday,2026-02-04
56123,2026-01-17 00:21:00,1030.96,Hyderabad,Old,Petrol,GPay,0,1,Saturday,2026-01-17
59369,2026-01-18 03:24:00,93.18,Chennai,New,Amazon,PhonePe,3,1,Sunday,2026-01-18
11333,2026-01-01 11:06:00,103.74,Coimbatore,Old,Zomato,GPay,11,0,Thursday,2026-01-01
12361,2026-01-01 19:40:00,4.71,Coimbatore,Old,Zomato,PhonePe,19,0,Thursday,2026-01-01
92418,2026-01-29 14:48:30,649.75,Coimbatore,Old,Grocery,Paytm,14,0,Thursday,2026-01-29
55149,2026-01-16 16:14:00,349.09,Chennai,Old,Zomato,GPay,16,0,Friday,2026-01-16
17842,2026-01-03 17:20:30,231.58,Mumbai,Old,Zomato,Paytm,17,0,Saturday,2026-01-03
96291,2026-01-30 23:05:00,150.98,Coimbatore,Old,Amazon,PhonePe,23,0,Friday,2026-01-30
46035,2026-01-13 12:17:00,107.1,Mumbai,New,BillPay,GPay,12,1,Tuesday,2026-01-13
28146,2026-01-07 07:12:30,187.12,Hyderabad,Old,Amazon,GPay,7,0,Wednesday,2026-01-07
80746,2026-01-25 13:32:30,287.25,Mumbai,Old,Amazon,PhonePe,13,0,Sunday,2026-01-25
88804,2026-01-28 08:41:30,18.4,Delhi,Old,Amazon,Paytm,8,0,Wednesday,2026-01-28
104236,2026-02-02 17:17:30,53.16,Hyderabad,New,BillPay,PhonePe,17,1,Monday,2026-02-02
62491,2026-01-19 05:25:00,989.74,Chennai,Old,BillPay,Paytm,5,0,Monday,2026-01-19
98895,2026-01-31 20:47:00,580.3,Hyderabad,Old,Petrol,GPay,20,0,Saturday,2026-01-31
69269,2026-01-21 13:54:00,101.61,Delhi,Old,Swiggy,PhonePe,13,0,Wednesday,2026-01-21
29663,2026-01-07 19:51:00,1.35,Coimbatore,Old,BillPay,GPay,19,0,Wednesday,2026-01-07
59826,2026-01-18 07:12:30,423.92,Chennai,New,Amazon,GPay,7,1,Sunday,2026-01-18
11323,2026-01-01 11:01:00,821.61,Mumbai,Old,Petrol,GPay,11,0,Thursday,2026-01-01
47624,2026-01-14 01:31:30,715.54,Mumbai,Old,Amazon,GPay,1,1,Wednesday,2026-01-14
30087,2026-01-07 23:23:00,93.73,Coimbatore,Old,Amazon,PhonePe,23,0,Wednesday,2026-01-07
98366,2026-01-31 16:22:30,348.88,Hyderabad,New,BillPay,PhonePe,16,1,Saturday,2026-01-31
102896,2026-02-02 06:07:30,41.58,Delhi,Old,Zomato,Paytm,6,0,Monday,2026-02-02
79588,2026-01-25 03:53:30,379.12,Hyderabad,New,Grocery,PhonePe,3,1,Sunday,2026-01-25
36587,2026-01-10 05:33:00,474.29,Hyderabad,New,Zomato,PhonePe,5,1,Saturday,2026-01-10
49879,2026-01-14 20:19:00,776.6,Delhi,Old,Grocery,PhonePe,20,0,Wednesday,2026-01-14
85299,2026-01-27 03:29:00,148.01,Delhi,Old,Amazon,GPay,3,1,Tuesday,2026-01-27
63979,2026-01-19 17:49:00,855.3,Hyderabad,New,BillPay,GPay,17,0,Monday,2026-01-19
59674,2026-01-18 05:56:30,377.51,Coimbatore,Old,Zomato,GPay,5,0,Sunday,2026-01-18
85962,2026-01-27 09:00:30,641.07,Delhi,Old,Zomato,PhonePe,9,0,Tuesday,2026-01-27
35356,2026-01-09 19:17:30,28.57,Coimbatore,Old,Grocery,PhonePe,19,0,Friday,2026-01-09
37734,2026-01-10 15:06:30,71.16,Mumbai,New,Swiggy,GPay,15,1,Saturday,2026-01-10
28006,2026-01-07 06:02:30,127.1,Mumbai,New,BillPay,PhonePe,6,1,Wednesday,2026-01-07
32673,2026-01-08 20:56:00,132.84,Hyderabad,Old,Petrol,PhonePe,20,0,Thursday,2026-01-08
60381,2026-01-18 11:50:00,373.16,Coimbatore,Old,Grocery,Paytm,11,0,Sunday,2026-01-18
69039,2026-01-21 11:59:00,1.02,Chennai,Old,BillPay,GPay,11,0,Wednesday,2026-01-21
53445,2026-01-16 02:02:00,128.72,Coimbatore,Old,Grocery,GPay,2,1,Friday,2026-01-16
12281,2026-01-01 19:00:00,117.42,Delhi,Old,Grocery,GPay,19,0,Thursday,2026-01-01
87965,2026-01-28 01:42:00,106.18,Mumbai,New,Amazon,Paytm,1,1,Wednesday,2026-01-28
106126,2026-02-03 09:02:30,44.39,Bangalore,Old,Amazon,PhonePe,9,0,Tuesday,2026-02-03
87648,2026-01-27 23:03:30,563.09,Hyderabad,Old,Swiggy,PhonePe,23,0,Tuesday,2026-01-27
41432,2026-01-11 21:55:30,271.95,Bangalore,Old,Petrol,GPay,21,0,Sunday,2026-01-11
41923,2026-01-12 02:01:00,71.03,Bangalore,Old,Zomato,PhonePe,2,1,Monday,2026-01-12
25809,2026-01-06 11:44:00,868.21,Bangalore,New,BillPay,Paytm,11,0,Tuesday,2026-01-06
95542,2026-01-30 16:50:30,316.38,Mumbai,Old,Petrol,PhonePe,16,0,Friday,2026-01-30
25496,2026-01-06 09:07:30,663.77,Coimbatore,New,Zomato,Paytm,9,0,Tuesday,2026-01-06
87432,2026-01-27 21:15:30,437.18,Chennai,Old,Grocery,GPay,21,0,Tuesday,2026-01-27
67937,2026-01-21 02:48:00,72.19,Bangalore,Old,Amazon,PhonePe,2,1,Wednesday,2026-01-21
28950,2026-01-07 13:54:30,277.69,Hyderabad,Old,Petrol,PhonePe,13,0,Wednesday,2026-01-07
32584,2026-01-08 20:11:30,600.01,Hyderabad,Old,Petrol,Paytm,20,0,Thursday,2026-01-08
16749,2026-01-03 08:14:00,1975.26,Hyderabad,Old,Grocery,Paytm,8,0,Saturday,2026-01-03
90574,2026-01-28 23:26:30,255.82,Hyderabad,Old,Swiggy,PhonePe,23,0,Wednesday,2026-01-28
63071,2026-01-19 10:15:00,93.47,Chennai,Old,Amazon,Paytm,10,0,Monday,2026-01-19
11403,2026-01-01 11:41:00,14.94,Chennai,Old,Petrol,GPay,11,0,Thursday,2026-01-01
47782,2026-01-14 02:50:30,487.05,Bangalore,Old,Zomato,Paytm,2,1,Wednesday,2026-01-14
74680,2026-01-23 10:59:30,892.87,Delhi,Old,Swiggy,GPay,10,0,Friday,2026-01-23
89961,2026-01-28 18:20:00,137.05,Delhi,Old,Amazon,GPay,18,0,Wednesday,2026-01-28
33788,2026-01-09 06:13:30,240.9,Mumbai,Old,Swiggy,Paytm,6,0,Friday,2026-01-09
40419,2026-01-11 13:29:00,626.53,Delhi,Old,Amazon,PhonePe,13,0,Sunday,2026-01-11
69035,2026-01-21 11:57:00,116.99,Chennai,Old,Zomato,Paytm,11,0,Wednesday,2026-01-21
30331,2026-01-08 01:25:00,98.6,Bangalore,Old,BillPay,GPay,1,1,Thursday,2026-01-08
105653,2026-02-03 05:06:00,1294.88,Delhi,Old,Swiggy,GPay,5,0,Tuesday,2026-02-03
10884,2026-01-01 07:21:30,43.97,Hyderabad,Old,Petrol,Paytm,7,0,Thursday,2026-01-01
51516,2026-01-15 09:57:30,550.57,Hyderabad,New,Petrol,PhonePe,9,0,Thursday,2026-01-15
24039,2026-01-05 20:59:00,296.91,Bangalore,New,Swiggy,PhonePe,20,1,Monday,2026-01-05
54970,2026-01-16 14:44:30,168.72,Delhi,Old,Swiggy,GPay,14,0,Friday,2026-01-16
42866,2026-01-12 09:52:30,195.75,Coimbatore,Old,Swiggy,PhonePe,9,0,Monday,2026-01-12
89369,2026-01-28 13:24:00,56.81,Mumbai,Old,Petrol,GPay,13,0,Wednesday,2026-01-28
13254,2026-01-02 03:06:30,49.86,Bangalore,Old,Grocery,GPay,3,1,Friday,2026-01-02
12938,2026-01-02 00:28:30,350.61,Delhi,New,Amazon,Paytm,0,1,Friday,2026-01-02
46839,2026-01-13 18:59:00,1058.59,Chennai,New,Amazon,GPay,18,0,Tuesday,2026-01-13
35040,2026-01-09 16:39:30,727.97,Mumbai,Old,Swiggy,Paytm,16,0,Friday,2026-01-09
33395,2026-01-09 02:57:00,613.48,Chennai,Old,Swiggy,GPay,2,1,Friday,2026-01-09
91993,2026-01-29 11:16:00,133.72,Mumbai,New,Grocery,GPay,11,1,Thursday,2026-01-29
66294,2026-01-20 13:06:30,226.62,Coimbatore,Old,BillPay,PhonePe,13,0,Tuesday,2026-01-20
11319,2026-01-01 10:59:00,34.06,Mumbai,New,Petrol,Paytm,10,1,Thursday,2026-01-01
105285,2026-02-03 02:02:00,537.24,Bangalore,Old,BillPay,PhonePe,2,1,Tuesday,2026-02-03
42593,2026-01-12 07:36:00,1297.43,Hyderabad,New,Zomato,Paytm,7,0,Monday,2026-01-12
96254,2026-01-30 22:46:30,217.34,Bangalore,New,Zomato,PhonePe,22,1,Friday,2026-01-30
89995,2026-01-28 18:37:00,488.5,Mumbai,Old,Petrol,Paytm,18,0,Wednesday,2026-01-28
73781,2026-01-23 03:30:00,249.56,Hyderabad,Old,BillPay,Paytm,3,1,Friday,2026-01-23
47109,2026-01-13 21:14:00,984.08,Delhi,Old,Petrol,PhonePe,21,0,Tuesday,2026-01-13
11350,2026-01-01 11:14:30,16.37,Chennai,Old,Swiggy,PhonePe,11,0,Thursday,2026-01-01
14791,2026-01-02 15:55:00,45.18,Bangalore,Old,Amazon,PhonePe,15,0,Friday,2026-01-02
106595,2026-02-03 12:57:00,466.87,Mumbai,New,Grocery,PhonePe,12,1,Tuesday,2026-02-03
97445,2026-01-31 08:42:00,568.95,Bangalore,Old,Zomato,PhonePe,8,0,Saturday,2026-01-31
97608,2026-01-31 10:03:30,207.86,Hyderabad,Old,Amazon,GPay,10,0,Saturday,2026-01-31
94334,2026-01-30 06:46:30,160.11,Hyderabad,New,Zomato,Paytm,6,1,Friday,2026-01-30
68135,2026-01-21 04:27:00,429.22,Hyderabad,Old,Grocery,PhonePe,4,1,Wednesday,2026-01-21
28635,2026-01-07 11:17:00,139.65,Mumbai,New,Zomato,PhonePe,11,1,Wednesday,2026-01-07
13394,2026-01-02 04:16:30,157.39,Coimbatore,Old,Zomato,PhonePe,4,1,Friday,2026-01-02
82229,2026-01-26 01:54:00,153.03,Bangalore,Old,Swiggy,Paytm,1,1,Monday,2026-01-26
47588,2026-01-14 01:13:30,580.35,Bangalore,Old,Swiggy,Paytm,1,1,Wednesday,2026-01-14
21447,2026-01-04 23:23:00,905.45,Coimbatore,Old,Zomato,Paytm,23,0,Sunday,2026-01-04
102169,2026-02-02 00:04:00,251.32,Delhi,Old,Amazon,PhonePe,0,1,Monday,2026-02-02
43055,2026-01-12 11:27:00,598.18,Bangalore,Old,Petrol,Paytm,11,0,Monday,2026-01-12
103269,2026-02-02 09:14:00,167.27,Mumbai,Old,Swiggy,Paytm,9,0,Monday,2026-02-02
69809,2026-01-21 18:24:00,76.62,Coimbatore,Old,Grocery,PhonePe,18,0,Wednesday,2026-01-21
71578,2026-01-22 09:08:30,1311.96,Coimbatore,Old,Grocery,Paytm,9,0,Thursday,2026-01-22
59661,2026-01-18 05:50:00,958.68,Chennai,Old,BillPay,GPay,5,0,Sunday,2026-01-18
21061,2026-01-04 20:10:00,562.56,Bangalore,Old,Petrol,Paytm,20,0,Sunday,2026-01-04
11551,2026-01-01 12:55:00,1209.68,Bangalore,Old,Amazon,PhonePe,12,0,Thursday,2026-01-01
90751,2026-01-29 00:55:00,11.49,Hyderabad,Old,Swiggy,GPay,0,1,Thursday,2026-01-29
14511,2026-01-02 13:35:00,76.66,Chennai,Old,Amazon,PhonePe,13,0,Friday,2026-01-02
36439,2026-01-10 04:19:00,366.03,Delhi,New,Zomato,PhonePe,4,1,Saturday,2026-01-10
96709,2026-01-31 02:34:00,397.63,Bangalore,Old,Zomato,Paytm,2,1,Saturday,2026-01-31
93004,2026-01-29 19:41:30,1464.82,Hyderabad,Old,BillPay,Paytm,19,0,Thursday,2026-01-29
90167,2026-01-28 20:03:00,308.09,Coimbatore,Old,Swiggy,GPay,20,0,Wednesday,2026-01-28
58079,2026-01-17 16:39:00,307.75,Delhi,Old,Swiggy,GPay,16,0,Saturday,2026-01-17
26302,2026-01-06 15:50:30,398.8,Hyderabad,Old,Amazon,GPay,15,0,Tuesday,2026-01-06
27495,2026-01-07 01:47:00,123.58,Chennai,Old,Swiggy,PhonePe,1,1,Wednesday,2026-01-07
95699,2026-01-30 18:09:00,1031.95,Chennai,Old,Amazon,PhonePe,18,0,Friday,2026-01-30
71706,2026-01-22 10:12:30,343.67,Chennai,Old,BillPay,Paytm,10,0,Thursday,2026-01-22
59149,2026-01-18 01:34:00,275.29,Chennai,New,BillPay,PhonePe,1,1,Sunday,2026-01-18
80173,2026-01-25 08:46:00,895.85,Delhi,New,Zomato,GPay,8,0,Sunday,2026-01-25
106223,2026-02-03 09:51:00,816.84,Bangalore,New,BillPay,Paytm,9,0,Tuesday,2026-02-03
62413,2026-01-19 04:46:00,40.06,Mumbai,Old,BillPay,Paytm,4,1,Monday,2026-01-19
107494,2026-02-03 20:26:30,528.25,Coimbatore,New,Petrol,Paytm,20,0,Tuesday,2026-02-03
19094,2026-01-04 03:46:30,484.49,Mumbai,Old,Amazon,GPay,3,1,Sunday,2026-01-04
16268,2026-01-03 04:13:30,40.98,Chennai,Old,Swiggy,Paytm,4,1,Saturday,2026-01-03
91824,2026-01-29 09:51:30,352.08,Bangalore,Old,Grocery,PhonePe,9,0,Thursday,2026-01-29
50204,2026-01-14 23:01:30,355.96,Mumbai,Old,BillPay,PhonePe,23,0,Wednesday,2026-01-14
79326,2026-01-25 01:42:30,444.29,Delhi,Old,Grocery,PhonePe,1,1,Sunday,2026-01-25
67863,2026-01-21 02:11:00,64.41,Chennai,New,Swiggy,GPay,2,1,Wednesday,2026-01-21
62992,2026-01-19 09:35:30,28.18,Delhi,Old,Swiggy,PhonePe,9,0,Monday,2026-01-19
99246,2026-01-31 23:42:30,514.21,Coimbatore,Old,Grocery,Paytm,23,0,Saturday,2026-01-31
36874,2026-01-10 07:56:30,700.19,Bangalore,Old,Amazon,Paytm,7,0,Saturday,2026-01-10
72597,2026-01-22 17:38:00,210.11,Mumbai,Old,Swiggy,Paytm,17,0,Thursday,2026-01-22
57746,2026-01-17 13:52:30,139.2,Delhi,Old,Zomato,Paytm,13,0,Saturday,2026-01-17
50991,2026-01-15 05:35:00,582.23,Hyderabad,Old,Swiggy,Paytm,5,0,Thursday,2026-01-15
23929,2026-01-05 20:04:00,712.49,Bangalore,Old,Zomato,Paytm,20,0,Monday,2026-01-05
104954,2026-02-02 23:16:30,358.21,Hyderabad,Old,Zomato,PhonePe,23,0,Monday,2026-02-02
28743,2026-01-07 12:11:00,434.88,Delhi,Old,Petrol,GPay,12,0,Wednesday,2026-01-07
11058,2026-01-01 08:48:30,205.62,Coimbatore,Old,Petrol,Paytm,8,0,Thursday,2026-01-01
14338,2026-01-02 12:08:30,930.76,Chennai,Old,Zomato,Paytm,12,0,Friday,2026-01-02
44171,2026-01-12 20:45:00,53.9,Mumbai,Old,Amazon,Paytm,20,0,Monday,2026-01-12
106506,2026-02-03 12:12:30,358.63,Coimbatore,New,Zomato,PhonePe,12,1,Tuesday,2026-02-03
12030,2026-01-01 16:54:30,424.73,Bangalore,New,Amazon,Paytm,16,1,Thursday,2026-01-01
11431,2026-01-01 11:55:00,242.6,Delhi,Old,BillPay,Paytm,11,0,Thursday,2026-01-01
45084,2026-01-13 04:21:30,593.39,Delhi,New,Grocery,Paytm,4,1,Tuesday,2026-01-13
43932,2026-01-12 18:45:30,122.47,Delhi,Old,BillPay,GPay,18,0,Monday,2026-01-12
65376,2026-01-20 05:27:30,894.48,Delhi,Old,Grocery,PhonePe,5,0,Tuesday,2026-01-20
32825,2026-01-08 22:12:00,65.29,Chennai,Old,Grocery,PhonePe,22,0,Thursday,2026-01-08
83647,2026-01-26 13:43:00,11.31,Coimbatore,Old,Swiggy,GPay,13,0,Monday,2026-01-26
35270,2026-01-09 18:34:30,390.33,Chennai,Old,BillPay,PhonePe,18,0,Friday,2026-01-09
74035,2026-01-23 05:37:00,158.8,Coimbatore,Old,Zomato,GPay,5,0,Friday,2026-01-23
24806,2026-01-06 03:22:30,326.31,Coimbatore,Old,BillPay,Paytm,3,1,Tuesday,2026-01-06
70298,2026-01-21 22:28:30,577.88,Coimbatore,New,Amazon,GPay,22,0,Wednesday,2026-01-21
60079,2026-01-18 09:19:00,1227.25,Mumbai,Old,Petrol,GPay,9,0,Sunday,2026-01-18
41592,2026-01-11 23:15:30,556.04,Mumbai,Old,Swiggy,Paytm,23,0,Sunday,2026-01-11
10586,2026-01-01 04:52:30,109.85,Coimbatore,Old,BillPay,PhonePe,4,1,Thursday,2026-01-01
46905,2026-01-13 19:32:00,1439.54,Hyderabad,New,Zomato,PhonePe,19,0,Tuesday,2026-01-13
31333,2026-01-08 09:46:00,105.94,Hyderabad,Old,Swiggy,PhonePe,9,0,Thursday,2026-01-08
49457,2026-01-14 16:48:00,51.59,Bangalore,Old,BillPay,GPay,16,0,Wednesday,2026-01-14
22534,2026-01-05 08:26:30,150.4,Chennai,Old,Zomato,PhonePe,8,0,Monday,2026-01-05
50816,2026-01-15 04:07:30,266.7,Coimbatore,New,Petrol,Paytm,4,1,Thursday,2026-01-15
78317,2026-01-24 17:18:00,472.56,Delhi,Old,BillPay,GPay,17,0,Saturday,2026-01-24
52918,2026-01-15 21:38:30,35.05,Hyderabad,New,Swiggy,GPay,21,1,Thursday,2026-01-15
15216,2026-01-02 19:27:30,374.81,Bangalore,Old,Amazon,PhonePe,19,0,Friday,2026-01-02
93013,2026-01-29 19:46:00,2758.43,Mumbai,New,Grocery,GPay,19,0,Thursday,2026-01-29
50200,2026-01-14 22:59:30,54.17,Delhi,Old,Petrol,GPay,22,0,Wednesday,2026-01-14
74274,2026-01-23 07:36:30,198.38,Mumbai,Old,Grocery,PhonePe,7,0,Friday,2026-01-23
98544,2026-01-31 17:51:30,427.82,Chennai,Old,Petrol,Paytm,17,0,Saturday,2026-01-31
10834,2026-01-01 06:56:30,77.62,Hyderabad,New,Petrol,Paytm,6,1,Thursday,2026-01-01
51273,2026-01-15 07:56:00,134.51,Chennai,Old,Amazon,GPay,7,0,Thursday,2026-01-15
89343,2026-01-28 13:11:00,18.67,Hyderabad,Old,Grocery,PhonePe,13,0,Wednesday,2026-01-28
45016,2026-01-13 03:47:30,575.43,Chennai,Old,Petrol,Paytm,3,1,Tuesday,2026-01-13
76703,2026-01-24 03:51:00,300.4,Hyderabad,Old,Zomato,GPay,3,1,Saturday,2026-01-24
75644,2026-01-23 19:01:30,789.27,Chennai,New,Zomato,PhonePe,19,0,Friday,2026-01-23
28486,2026-01-07 10:02:30,248.0,Mumbai,Old,Swiggy,Paytm,10,0,Wednesday,2026-01-07
43334,2026-01-12 13:46:30,10.12,Mumbai,Old,Petrol,PhonePe,13,0,Monday,2026-01-12
23552,2026-01-05 16:55:30,309.1,Hyderabad,New,BillPay,PhonePe,16,1,Monday,2026-01-05
105261,2026-02-03 01:50:00,693.77,Mumbai,New,Grocery,GPay,1,1,Tuesday,2026-02-03
27673,2026-01-07 03:16:00,498.47,Bangalore,Old,Grocery,Paytm,3,1,Wednesday,2026-01-07
33146,2026-01-09 00:52:30,341.66,Delhi,Old,Amazon,GPay,0,1,Friday,2026-01-09
71130,2026-01-22 05:24:30,252.25,Coimbatore,New,Grocery,Paytm,5,1,Thursday,2026-01-22
79841,2026-01-25 06:00:00,338.95,Hyderabad,Old,Petrol,PhonePe,6,0,Sunday,2026-01-25
106987,2026-02-03 16:13:00,102.2,Coimbatore,New,Grocery,Paytm,16,1,Tuesday,2026-02-03
45754,2026-01-13 09:56:30,693.95,Chennai,New,BillPay,GPay,9,0,Tuesday,2026-01-13
43460,2026-01-12 14:49:30,59.45,Chennai,Old,Amazon,Paytm,14,0,Monday,2026-01-12
24269,2026-01-05 22:54:00,914.21,Coimbatore,Old,Zomato,Paytm,22,0,Monday,2026-01-05
32187,2026-01-08 16:53:00,209.26,Mumbai,Old,Swiggy,GPay,16,0,Thursday,2026-01-08
25023,2026-01-06 05:11:00,34.98,Bangalore,Old,Swiggy,GPay,5,0,Tuesday,2026-01-06
21969,2026-01-05 03:44:00,119.22,Mumbai,Old,Grocery,Paytm,3,1,Monday,2026-01-05
38566,2026-01-10 22:02:30,1602.41,Coimbatore,Old,BillPay,GPay,22,0,Saturday,2026-01-10
35842,2026-01-09 23:20:30,306.14,Delhi,Old,BillPay,GPay,23,0,Friday,2026-01-09
10279,2026-01-01 02:19:00,484.22,Bangalore,Old,Zomato,PhonePe,2,1,Thursday,2026-01-01
86183,2026-01-27 10:51:00,1256.27,Coimbatore,Old,Zomato,Paytm,10,0,Tuesday,2026-01-27
16149,2026-01-03 03:14:00,392.43,Mumbai,New,BillPay,GPay,3,1,Saturday,2026-01-03
71297,2026-01-22 06:48:00,1.89,Hyderabad,Old,Petrol,Paytm,6,0,Thursday,2026-01-22
87960,2026-01-28 01:39:30,70.13,Hyderabad,Old,Petrol,GPay,1,1,Wednesday,2026-01-28
24150,2026-01-05 21:54:30,68.14,Mumbai,Old,BillPay,Paytm,21,0,Monday,2026-01-05
57140,2026-01-17 08:49:30,453.74,Hyderabad,Old,BillPay,PhonePe,8,0,Saturday,2026-01-17
39518,2026-01-11 05:58:30,134.86,Delhi,Old,Amazon,GPay,5,0,Sunday,2026-01-11
20050,2026-01-04 11:44:30,1685.45,Coimbatore,Old,Grocery,PhonePe,11,0,Sunday,2026-01-04
63346,2026-01-19 12:32:30,318.9,Bangalore,New,Grocery,GPay,12,1,Monday,2026-01-19
85310,2026-01-27 03:34:30,516.07,Chennai,Old,Zomato,Paytm,3,1,Tuesday,2026-01-27
30613,2026-01-08 03:46:00,942.15,Coimbatore,Old,Zomato,GPay,3,1,Thursday,2026-01-08
44287,2026-01-12 21:43:00,423.21,Delhi,Old,Grocery,PhonePe,21,0,Monday,2026-01-12
69397,2026-01-21 14:58:00,97.87,Chennai,Old,Swiggy,PhonePe,14,0,Wednesday,2026-01-21
48721,2026-01-14 10:40:00,508.06,Delhi,Old,Grocery,Paytm,10,0,Wednesday,2026-01-14
41121,2026-01-11 19:20:00,1221.0,Hyderabad,New,BillPay,Paytm,19,0,Sunday,2026-01-11
56500,2026-01-17 03:29:30,628.1,Chennai,Old,BillPay,Paytm,3,1,Saturday,2026-01-17
41419,2026-01-11 21:49:00,20.06,Bangalore,New,Amazon,GPay,21,1,Sunday,2026-01-11
11573,2026-01-01 13:06:00,534.05,Coimbatore,New,Zomato,Paytm,13,0,Thursday,2026-01-01
88057,2026-01-28 02:28:00,894.01,Hyderabad,Old,Grocery,PhonePe,2,1,Wednesday,2026-01-28
63084,2026-01-19 10:21:30,791.23,Coimbatore,Old,Zomato,Paytm,10,0,Monday,2026-01-19
37806,2026-01-10 15:42:30,151.08,Mumbai,Old,BillPay,Paytm,15,0,Saturday,2026-01-10
106811,2026-02-03 14:45:00,1041.09,Hyderabad,Old,Grocery,GPay,14,0,Tuesday,2026-02-03
107650,2026-02-03 21:44:30,228.1,Coimbatore,Old,Zomato,Paytm,21,0,Tuesday,2026-02-03
25843,2026-01-06 12:01:00,156.09,Chennai,Old,Grocery,PhonePe,12,0,Tuesday,2026-01-06
62853,2026-01-19 08:26:00,107.47,Bangalore,New,Zomato,Paytm,8,1,Monday,2026-01-19
60138,2026-01-18 09:48:30,75.0,Chennai,New,Amazon,Paytm,9,1,Sunday,2026-01-18
37538,2026-01-10 13:28:30,172.61,Bangalore,New,Grocery,PhonePe,13,1,Saturday,2026-01-10
21856,2026-01-05 02:47:30,51.13,Chennai,Old,Petrol,PhonePe,2,1,Monday,2026-01-05
51094,2026-01-15 06:26:30,226.8,Hyderabad,Old,Swiggy,GPay,6,0,Thursday,2026-01-15
50942,2026-01-15 05:10:30,157.42,Hyderabad,Old,Amazon,Paytm,5,0,Thursday,2026-01-15
88213,2026-01-28 03:46:00,202.68,Coimbatore,Old,Amazon,PhonePe,3,1,Wednesday,2026-01-28
80852,2026-01-25 14:25:30,164.72,Hyderabad,New,Amazon,GPay,14,1,Sunday,2026-01-25
95907,2026-01-30 19:53:00,162.18,Mumbai,Old,Swiggy,PhonePe,19,0,Friday,2026-01-30
80227,2026-01-25 09:13:00,236.04,Chennai,Old,Zomato,GPay,9,0,Sunday,2026-01-25
27248,2026-01-06 23:43:30,606.03,Bangalore,Old,Zomato,GPay,23,0,Tuesday,2026-01-06
101331,2026-02-01 17:05:00,198.12,Delhi,Old,Swiggy,GPay,17,0,Sunday,2026-02-01
84412,2026-01-26 20:05:30,237.2,Bangalore,Old,Petrol,Paytm,20,0,Monday,2026-01-26
23736,2026-01-05 18:27:30,82.3,Hyderabad,Old,Grocery,Paytm,18,0,Monday,2026-01-05
85534,2026-01-27 05:26:30,1160.9,Bangalore,Old,Zomato,GPay,5,0,Tuesday,2026-01-27
29779,2026-01-07 20:49:00,156.99,Mumbai,New,Grocery,Paytm,20,1,Wednesday,2026-01-07
18094,2026-01-03 19:26:30,1493.19,Delhi,New,BillPay,PhonePe,19,0,Saturday,2026-01-03
102534,2026-02-02 03:06:30,427.92,Hyderabad,Old,Swiggy,PhonePe,3,1,Monday,2026-02-02
92193,2026-01-29 12:56:00,171.02,Bangalore,Old,Swiggy,GPay,12,0,Thursday,2026-01-29
77484,2026-01-24 10:21:30,289.51,Coimbatore,Old,Swiggy,Paytm,10,0,Saturday,2026-01-24
56678,2026-01-17 04:58:30,553.61,Bangalore,Old,Amazon,Paytm,4,1,Saturday,2026-01-17
84258,2026-01-26 18:48:30,345.39,Chennai,Old,Swiggy,Paytm,18,0,Monday,2026-01-26
64569,2026-01-19 22:44:00,448.17,Bangalore,Old,Amazon,GPay,22,0,Monday,2026-01-19
71461,2026-01-22 08:10:00,100.16,Hyderabad,Old,Grocery,PhonePe,8,0,Thursday,2026-01-22
41022,2026-01-11 18:30:30,175.98,Hyderabad,Old,Petrol,GPay,18,0,Sunday,2026-01-11
12130,2026-01-01 17:44:30,223.09,Hyderabad,Old,Zomato,GPay,17,0,Thursday,2026-01-01
105185,2026-02-03 01:12:00,424.5,Hyderabad,Old,Petrol,GPay,1,1,Tuesday,2026-02-03
21864,2026-01-05 02:51:30,1115.24,Coimbatore,New,Grocery,PhonePe,2,1,Monday,2026-01-05
65043,2026-01-20 02:41:00,206.94,Coimbatore,Old,Amazon,PhonePe,2,1,Tuesday,2026-01-20
24425,2026-01-06 00:12:00,191.59,Mumbai,Old,Swiggy,PhonePe,0,1,Tuesday,2026-01-06
62151,2026-01-19 02:35:00,114.93,Mumbai,Old,Petrol,PhonePe,2,1,Monday,2026-01-19
19162,2026-01-04 04:20:30,406.37,Coimbatore,Old,BillPay,PhonePe,4,1,Sunday,2026-01-04
52666,2026-01-15 19:32:30,880.43,Delhi,Old,Zomato,PhonePe,19,0,Thursday,2026-01-15
17316,2026-01-03 12:57:30,1816.86,Delhi,Old,Amazon,GPay,12,0,Saturday,2026-01-03
12181,2026-01-01 18:10:00,145.72,Hyderabad,Old,Amazon,GPay,18,0,Thursday,2026-01-01
77359,2026-01-24 09:19:00,15.86,Hyderabad,Old,BillPay,GPay,9,0,Saturday,2026-01-24
19601,2026-01-04 08:00:00,7.74,Chennai,Old,Amazon,GPay,8,0,Sunday,2026-01-04
45737,2026-01-13 09:48:00,669.17,Hyderabad,Old,BillPay,GPay,9,0,Tuesday,2026-01-13
40465,2026-01-11 13:52:00,521.82,Coimbatore,Old,Amazon,GPay,13,0,Sunday,2026-01-11
20572,2026-01-04 16:05:30,746.82,Bangalore,New,BillPay,PhonePe,16,0,Sunday,2026-01-04
95767,2026-01-30 18:43:00,336.57,Chennai,Old,Zomato,PhonePe,18,0,Friday,2026-01-30
16176,2026-01-03 03:27:30,299.47,Delhi,Old,Zomato,PhonePe,3,1,Saturday,2026-01-03
41197,2026-01-11 19:58:00,643.58,Hyderabad,Old,Zomato,PhonePe,19,0,Sunday,2026-01-11
87458,2026-01-27 21:28:30,63.21,Chennai,New,BillPay,Paytm,21,1,Tuesday,2026-01-27
11222,2026-01-01 10:10:30,65.51,Chennai,Old,BillPay,GPay,10,0,Thursday,2026-01-01
84449,2026-01-26 20:24:00,378.04,Mumbai,Old,Swiggy,Paytm,20,0,Monday,2026-01-26
47038,2026-01-13 20:38:30,745.78,Mumbai,Old,Zomato,PhonePe,20,0,Tuesday,2026-01-13
26291,2026-01-06 15:45:00,154.48,Chennai,New,Zomato,GPay,15,1,Tuesday,2026-01-06
35453,2026-01-09 20:06:00,207.9,Delhi,Old,Swiggy,GPay,20,0,Friday,2026-01-09
43563,2026-01-12 15:41:00,406.37,Chennai,Old,Grocery,PhonePe,15,0,Monday,2026-01-12
10656,2026-01-01 05:27:30,54.59,Coimbatore,Old,Petrol,PhonePe,5,0,Thursday,2026-01-01
53384,2026-01-16 01:31:30,64.76,Hyderabad,Old,Amazon,PhonePe,1,1,Friday,2026-01-16
74833,2026-01-23 12:16:00,149.87,Bangalore,Old,BillPay,GPay,12,0,Friday,2026-01-23
47692,2026-01-14 02:05:30,747.58,Chennai,Old,Amazon,GPay,2,1,Wednesday,2026-01-14
60195,2026-01-18 10:17:00,618.76,Chennai,Old,Amazon,PhonePe,10,0,Sunday,2026-01-18
74798,2026-01-23 11:58:30,409.06,Coimbatore,New,Amazon,Paytm,11,1,Friday,2026-01-23
44273,2026-01-12 21:36:00,1712.17,Delhi,Old,Zomato,PhonePe,21,0,Monday,2026-01-12
14051,2026-01-02 09:45:00,1089.87,Coimbatore,Old,Swiggy,PhonePe,9,0,Friday,2026-01-02
97072,2026-01-31 05:35:30,0.9,Coimbatore,Old,Petrol,Paytm,5,0,Saturday,2026-01-31
91773,2026-01-29 09:26:00,441.06,Coimbatore,Old,Grocery,PhonePe,9,0,Thursday,2026-01-29
80997,2026-01-25 15:38:00,198.79,Coimbatore,Old,Petrol,PhonePe,15,0,Sunday,2026-01-25
14368,2026-01-02 12:23:30,233.24,Hyderabad,Old,Swiggy,GPay,12,0,Friday,2026-01-02
66346,2026-01-20 13:32:30,70.77,Bangalore,New,BillPay,Paytm,13,1,Tuesday,2026-01-20
55918,2026-01-16 22:38:30,642.53,Coimbatore,New,Amazon,Paytm,22,0,Friday,2026-01-16
56369,2026-01-17 02:24:00,334.81,Coimbatore,Old,Grocery,Paytm,2,1,Saturday,2026-01-17
100890,2026-02-01 13:24:30,1177.04,Coimbatore,New,BillPay,Paytm,13,0,Sunday,2026-02-01
15074,2026-01-02 18:16:30,35.71,Bangalore,Old,BillPay,Paytm,18,0,Friday,2026-01-02
45991,2026-01-13 11:55:00,944.72,Bangalore,Old,Swiggy,Paytm,11,0,Tuesday,2026-01-13
20502,2026-01-04 15:30:30,10.68,Hyderabad,Old,Grocery,GPay,15,0,Sunday,2026-01-04
65930,2026-01-20 10:04:30,500.67,Hyderabad,Old,Zomato,Paytm,10,0,Tuesday,2026-01-20
21015,2026-01-04 19:47:00,831.7,Chennai,Old,Petrol,Paytm,19,0,Sunday,2026-01-04
90128,2026-01-28 19:43:30,486.82,Mumbai,Old,Swiggy,Paytm,19,0,Wednesday,2026-01-28
50039,2026-01-14 21:39:00,250.45,Bangalore,Old,Zomato,GPay,21,0,Wednesday,2026-01-14
79576,2026-01-25 03:47:30,567.19,Delhi,Old,Petrol,Paytm,3,1,Sunday,2026-01-25
18787,2026-01-04 01:13:00,273.93,Chennai,New,Zomato,PhonePe,1,1,Sunday,2026-01-04
70719,2026-01-22 01:59:00,58.91,Mumbai,Old,Petrol,Paytm,1,1,Thursday,2026-01-22
65432,2026-01-20 05:55:30,202.35,Coimbatore,Old,Zomato,PhonePe,5,0,Tuesday,2026-01-20
105341,2026-02-03 02:30:00,74.04,Mumbai,New,BillPay,GPay,2,1,Tuesday,2026-02-03
29213,2026-01-07 16:06:00,411.72,Mumbai,New,Grocery,GPay,16,1,Wednesday,2026-01-07
104482,2026-02-02 19:20:30,318.79,Hyderabad,New,Grocery,GPay,19,1,Monday,2026-02-02
51047,2026-01-15 06:03:00,9.85,Mumbai,Old,BillPay,Paytm,6,0,Thursday,2026-01-15
13790,2026-01-02 07:34:30,1576.34,Coimbatore,New,Petrol,Paytm,7,0,Friday,2026-01-02
100092,2026-02-01 06:45:30,144.06,Mumbai,New,Zomato,GPay,6,1,Sunday,2026-02-01
68117,2026-01-21 04:18:00,114.76,Delhi,New,BillPay,Paytm,4,1,Wednesday,2026-01-21
32507,2026-01-08 19:33:00,438.6,Mumbai,Old,Swiggy,GPay,19,0,Thursday,2026-01-08
27920,2026-01-07 05:19:30,855.01,Bangalore,Old,Zomato,PhonePe,5,0,Wednesday,2026-01-07
106635,2026-02-03 13:17:00,168.96,Hyderabad,Old,Swiggy,GPay,13,0,Tuesday,2026-02-03
18570,2026-01-03 23:24:30,128.31,Mumbai,Old,BillPay,PhonePe,23,0,Saturday,2026-01-03
98174,2026-01-31 14:46:30,161.45,Hyderabad,Old,BillPay,Paytm,14,0,Saturday,2026-01-31
55795,2026-01-16 21:37:00,380.7,Hyderabad,Old,Petrol,PhonePe,21,0,Friday,2026-01-16
83839,2026-01-26 15:19:00,737.68,Delhi,Old,BillPay,GPay,15,0,Monday,2026-01-26
25461,2026-01-06 08:50:00,74.32,Coimbatore,Old,Zomato,GPay,8,0,Tuesday,2026-01-06
18312,2026-01-03 21:15:30,126.25,Mumbai,Old,Zomato,PhonePe,21,0,Saturday,2026-01-03
74112,2026-01-23 06:15:30,188.0,Mumbai,Old,Amazon,GPay,6,0,Friday,2026-01-23
19661,2026-01-04 08:30:00,328.61,Chennai,Old,Petrol,GPay,8,0,Sunday,2026-01-04
10857,2026-01-01 07:08:00,14.89,Chennai,Old,Zomato,Paytm,7,0,Thursday,2026-01-01
67420,2026-01-20 22:29:30,39.97,Mumbai,Old,Zomato,Paytm,22,0,Tuesday,2026-01-20
50012,2026-01-14 21:25:30,322.2,Hyderabad,Old,Amazon,Paytm,21,0,Wednesday,2026-01-14
31178,2026-01-08 08:28:30,486.66,Bangalore,Old,Amazon,GPay,8,0,Thursday,2026-01-08
95575,2026-01-30 17:07:00,663.76,Mumbai,Old,Petrol,Paytm,17,0,Friday,2026-01-30
32154,2026-01-08 16:36:30,72.15,Coimbatore,Old,Petrol,GPay,16,0,Thursday,2026-01-08
76030,2026-01-23 22:14:30,478.68,Bangalore,Old,Zomato,GPay,22,0,Friday,2026-01-23
21469,2026-01-04 23:34:00,95.49,Hyderabad,Old,Grocery,GPay,23,0,Sunday,2026-01-04
75982,2026-01-23 21:50:30,572.28,Bangalore,New,Zomato,PhonePe,21,0,Friday,2026-01-23
47238,2026-01-13 22:18:30,604.81,Delhi,Old,Zomato,GPay,22,0,Tuesday,2026-01-13
82376,2026-01-26 03:07:30,228.06,Chennai,Old,Amazon,PhonePe,3,1,Monday,2026-01-26
93143,2026-01-29 20:51:00,98.22,Hyderabad,Old,BillPay,Paytm,20,0,Thursday,2026-01-29
30283,2026-01-08 01:01:00,408.55,Delhi,Old,Amazon,PhonePe,1,1,Thursday,2026-01-08
22388,2026-01-05 07:13:30,240.11,Delhi,Old,Swiggy,GPay,7,0,Monday,2026-01-05
39870,2026-01-11 08:54:30,44.09,Bangalore,Old,Petrol,PhonePe,8,0,Sunday,2026-01-11
88789,2026-01-28 08:34:00,302.45,Coimbatore,Old,Swiggy,PhonePe,8,0,Wednesday,2026-01-28
79418,2026-01-25 02:28:30,723.13,Mumbai,Old,Swiggy,PhonePe,2,1,Sunday,2026-01-25
20900,2026-01-04 18:49:30,149.82,Bangalore,Old,BillPay,Paytm,18,0,Sunday,2026-01-04
32740,2026-01-08 21:29:30,813.63,Chennai,Old,Grocery,PhonePe,21,0,Thursday,2026-01-08
11415,2026-01-01 11:47:00,303.01,Delhi,Old,Petrol,GPay,11,0,Thursday,2026-01-01
40953,2026-01-11 17:56:00,325.7,Coimbatore,Old,Amazon,Paytm,17,0,Sunday,2026-01-11
66835,2026-01-20 17:37:00,377.85,Mumbai,Old,Swiggy,GPay,17,0,Tuesday,2026-01-20
48936,2026-01-14 12:27:30,549.97,Coimbatore,Old,Amazon,PhonePe,12,0,Wednesday,2026-01-14
42201,2026-01-12 04:20:00,1012.95,Chennai,Old,Amazon,Paytm,4,1,Monday,2026-01-12
78845,2026-01-24 21:42:00,40.35,Chennai,Old,Petrol,GPay,21,0,Saturday,2026-01-24
55692,2026-01-16 20:45:30,402.23,Hyderabad,Old,Amazon,PhonePe,20,0,Friday,2026-01-16
82020,2026-01-26 00:09:30,96.21,Bangalore,Old,Swiggy,GPay,0,1,Monday,2026-01-26
90648,2026-01-29 00:03:30,357.61,Chennai,Old,Swiggy,PhonePe,0,1,Thursday,2026-01-29
30428,2026-01-08 02:13:30,17.17,Mumbai,Old,BillPay,GPay,2,1,Thursday,2026-01-08
21896,2026-01-05 03:07:30,140.28,Chennai,Old,Swiggy,GPay,3,1,Monday,2026-01-05
14625,2026-01-02 14:32:00,1160.34,Bangalore,New,Amazon,PhonePe,14,0,Friday,2026-01-02
39506,2026-01-11 05:52:30,179.15,Chennai,Old,Amazon,PhonePe,5,0,Sunday,2026-01-11
22561,2026-01-05 08:40:00,603.12,Bangalore,New,Zomato,GPay,8,0,Monday,2026-01-05
48943,2026-01-14 12:31:00,51.56,Bangalore,Old,BillPay,GPay,12,0,Wednesday,2026-01-14
79606,2026-01-25 04:02:30,339.84,Delhi,Old,Zomato,PhonePe,4,1,Sunday,2026-01-25
10574,2026-01-01 04:46:30,389.24,Mumbai,New,Grocery,PhonePe,4,1,Thursday,2026-01-01
94866,2026-01-30 11:12:30,2098.36,Coimbatore,Old,Zomato,Paytm,11,0,Friday,2026-01-30
61744,2026-01-18 23:11:30,116.15,Mumbai,Old,Zomato,PhonePe,23,0,Sunday,2026-01-18
84337,2026-01-26 19:28:00,110.19,Mumbai,New,Swiggy,GPay,19,1,Monday,2026-01-26
96885,2026-01-31 04:02:00,198.48,Mumbai,Old,Swiggy,PhonePe,4,1,Saturday,2026-01-31
46239,2026-01-13 13:59:00,285.79,Bangalore,Old,Zomato,Paytm,13,0,Tuesday,2026-01-13
60283,2026-01-18 11:01:00,570.66,Bangalore,Old,Grocery,Paytm,11,0,Sunday,2026-01-18
17749,2026-01-03 16:34:00,144.18,Chennai,New,Petrol,GPay,16,1,Saturday,2026-01-03
55120,2026-01-16 15:59:30,430.26,Mumbai,New,Petrol,Paytm,15,1,Friday,2026-01-16
109912,2026-02-04 16:35:30,45.31,Mumbai,Old,Swiggy,GPay,16,0,Wednesday,2026-02-04
83382,2026-01-26 11:30:30,328.42,Hyderabad,New,Swiggy,PhonePe,11,1,Monday,2026-01-26
70894,2026-01-22 03:26:30,486.57,Delhi,Old,Amazon,GPay,3,1,Thursday,2026-01-22
86179,2026-01-27 10:49:00,276.9,Hyderabad,Old,Amazon,PhonePe,10,0,Tuesday,2026-01-27
89844,2026-01-28 17:21:30,1178.44,Chennai,Old,Grocery,Paytm,17,0,Wednesday,2026-01-28
96324,2026-01-30 23:21:30,1228.86,Delhi,Old,BillPay,PhonePe,23,0,Friday,2026-01-30
108518,2026-02-04 04:58:30,1536.47,Coimbatore,Old,BillPay,PhonePe,4,1,Wednesday,2026-02-04
86930,2026-01-27 17:04:30,354.87,Hyderabad,Old,Zomato,GPay,17,0,Tuesday,2026-01-27
27962,2026-01-07 05:40:30,3.65,Chennai,New,Zomato,Paytm,5,1,Wednesday,2026-01-07
74846,2026-01-23 12:22:30,560.18,Hyderabad,New,Zomato,PhonePe,12,0,Friday,2026-01-23
38287,2026-01-10 19:43:00,438.12,Delhi,Old,BillPay,Paytm,19,0,Saturday,2026-01-10
26731,2026-01-06 19:25:00,345.23,Bangalore,New,Petrol,GPay,19,1,Tuesday,2026-01-06
77703,2026-01-24 12:11:00,233.41,Coimbatore,Old,Zomato,Paytm,12,0,Saturday,2026-01-24
91582,2026-01-29 07:50:30,365.16,Hyderabad,Old,BillPay,Paytm,7,0,Thursday,2026-01-29
12743,2026-01-01 22:51:00,87.18,Hyderabad,Old,Petrol,GPay,22,0,Thursday,2026-01-01
101840,2026-02-01 21:19:30,184.51,Bangalore,Old,Petrol,PhonePe,21,0,Sunday,2026-02-01
61277,2026-01-18 19:18:00,480.24,Mumbai,New,Zomato,GPay,19,1,Sunday,2026-01-18
20818,2026-01-04 18:08:30,482.0,Bangalore,Old,Swiggy,Paytm,18,0,Sunday,2026-01-04
23414,2026-01-05 15:46:30,60.71,Mumbai,Old,Zomato,Paytm,15,0,Monday,2026-01-05
14646,2026-01-02 14:42:30,541.88,Coimbatore,Old,BillPay,PhonePe,14,0,Friday,2026-01-02
34831,2026-01-09 14:55:00,9.81,Hyderabad,Old,Swiggy,GPay,14,0,Friday,2026-01-09
61478,2026-01-18 20:58:30,395.64,Coimbatore,Old,Grocery,GPay,20,0,Sunday,2026-01-18
70477,2026-01-21 23:58:00,890.7,Delhi,Old,Grocery,Paytm,23,0,Wednesday,2026-01-21
19888,2026-01-04 10:23:30,651.62,Hyderabad,Old,BillPay,Paytm,10,0,Sunday,2026-01-04
87007,2026-01-27 17:43:00,461.53,Delhi,Old,Grocery,PhonePe,17,0,Tuesday,2026-01-27
90596,2026-01-28 23:37:30,883.43,Mumbai,Old,BillPay,PhonePe,23,0,Wednesday,2026-01-28
82762,2026-01-26 06:20:30,164.17,Hyderabad,Old,Grocery,PhonePe,6,0,Monday,2026-01-26
107107,2026-02-03 17:13:00,228.05,Coimbatore,Old,Amazon,PhonePe,17,0,Tuesday,2026-02-03
63570,2026-01-19 14:24:30,477.76,Chennai,Old,Zomato,Paytm,14,0,Monday,2026-01-19
25627,2026-01-06 10:13:00,375.34,Bangalore,Old,Amazon,Paytm,10,0,Tuesday,2026-01-06
108423,2026-02-04 04:11:00,271.98,Chennai,New,Swiggy,PhonePe,4,1,Wednesday,2026-02-04
48862,2026-01-14 11:50:30,120.7,Delhi,New,BillPay,GPay,11,1,Wednesday,2026-01-14
34548,2026-01-09 12:33:30,437.87,Chennai,Old,Zomato,PhonePe,12,0,Friday,2026-01-09
88204,2026-01-28 03:41:30,713.79,Bangalore,New,Grocery,Paytm,3,1,Wednesday,2026-01-28
54525,2026-01-16 11:02:00,45.79,Bangalore,New,Amazon,PhonePe,11,1,Friday,2026-01-16
10929,2026-01-01 07:44:00,401.48,Delhi,Old,Zomato,GPay,7,0,Thursday,2026-01-01
40573,2026-01-11 14:46:00,518.51,Coimbatore,Old,Zomato,GPay,14,0,Sunday,2026-01-11
12175,2026-01-01 18:07:00,103.08,Bangalore,Old,Zomato,PhonePe,18,0,Thursday,2026-01-01
73408,2026-01-23 00:23:30,128.04,Mumbai,New,Grocery,GPay,0,1,Friday,2026-01-23
25467,2026-01-06 08:53:00,914.13,Chennai,Old,BillPay,PhonePe,8,0,Tuesday,2026-01-06
31288,2026-01-08 09:23:30,201.02,Bangalore,Old,Zomato,Paytm,9,0,Thursday,2026-01-08
78792,2026-01-24 21:15:30,145.21,Delhi,Old,Zomato,GPay,21,0,Saturday,2026-01-24
74131,2026-01-23 06:25:00,257.19,Delhi,Old,Swiggy,Paytm,6,0,Friday,2026-01-23
52631,2026-01-15 19:15:00,160.63,Mumbai,New,BillPay,GPay,19,1,Thursday,2026-01-15
58460,2026-01-17 19:49:30,28.88,Coimbatore,Old,Petrol,GPay,19,0,Saturday,2026-01-17
18286,2026-01-03 21:02:30,751.7,Mumbai,New,BillPay,Paytm,21,0,Saturday,2026-01-03
66545,2026-01-20 15:12:00,491.41,Coimbatore,Old,Petrol,GPay,15,0,Tuesday,2026-01-20
46138,2026-01-13 13:08:30,773.47,Mumbai,New,Grocery,Paytm,13,0,Tuesday,2026-01-13
83918,2026-01-26 15:58:30,975.23,Bangalore,Old,BillPay,Paytm,15,0,Monday,2026-01-26
66098,2026-01-20 11:28:30,66.9,Bangalore,Old,Swiggy,GPay,11,0,Tuesday,2026-01-20
35637,2026-01-09 21:38:00,670.45,Chennai,New,Amazon,PhonePe,21,0,Friday,2026-01-09
69976,2026-01-21 19:47:30,240.02,Chennai,New,Amazon,PhonePe,19,1,Wednesday,2026-01-21
73100,2026-01-22 21:49:30,1060.56,Delhi,Old,Petrol,Paytm,21,0,Thursday,2026-01-22
66513,2026-01-20 14:56:00,810.58,Mumbai,Old,Swiggy,PhonePe,14,0,Tuesday,2026-01-20
78414,2026-01-24 18:06:30,2.17,Chennai,Old,Petrol,Paytm,18,0,Saturday,2026-01-24
34264,2026-01-09 10:11:30,376.83,Hyderabad,Old,Grocery,Paytm,10,0,Friday,2026-01-09
70420,2026-01-21 23:29:30,104.87,Hyderabad,New,Amazon,GPay,23,1,Wednesday,2026-01-21
63043,2026-01-19 10:01:00,85.27,Chennai,Old,Amazon,GPay,10,0,Monday,2026-01-19
102131,2026-02-01 23:45:00,11.44,Delhi,Old,Zomato,GPay,23,0,Sunday,2026-02-01
72661,2026-01-22 18:10:00,897.37,Chennai,Old,Amazon,PhonePe,18,0,Thursday,2026-01-22
34014,2026-01-09 08:06:30,349.01,Bangalore,Old,Petrol,Paytm,8,0,Friday,2026-01-09
22043,2026-01-05 04:21:00,744.2,Delhi,New,Grocery,PhonePe,4,1,Monday,2026-01-05
59784,2026-01-18 06:51:30,33.49,Hyderabad,Old,Zomato,PhonePe,6,0,Sunday,2026-01-18
86815,2026-01-27 16:07:00,869.89,Coimbatore,Old,Swiggy,Paytm,16,0,Tuesday,2026-01-27
25395,2026-01-06 08:17:00,1011.65,Bangalore,Old,Zomato,Paytm,8,0,Tuesday,2026-01-06
83797,2026-01-26 14:58:00,298.65,Bangalore,Old,Amazon,GPay,14,0,Monday,2026-01-26
60179,2026-01-18 10:09:00,871.7,Delhi,New,Grocery,GPay,10,0,Sunday,2026-01-18
104485,2026-02-02 19:22:00,360.93,Coimbatore,Old,Zomato,GPay,19,0,Monday,2026-02-02
10115,2026-01-01 00:57:00,401.4,Coimbatore,Old,Amazon,Paytm,0,1,Thursday,2026-01-01
70900,2026-01-22 03:29:30,191.83,Bangalore,Old,Swiggy,GPay,3,1,Thursday,2026-01-22
69781,2026-01-21 18:10:00,1047.86,Bangalore,Old,Zomato,GPay,18,0,Wednesday,2026-01-21
72200,2026-01-22 14:19:30,114.05,Coimbatore,Old,Grocery,GPay,14,0,Thursday,2026-01-22
86634,2026-01-27 14:36:30,402.06,Delhi,New,BillPay,GPay,14,1,Tuesday,2026-01-27
47379,2026-01-13 23:29:00,132.38,Chennai,New,Amazon,PhonePe,23,1,Tuesday,2026-01-13
16730,2026-01-03 08:04:30,658.57,Bangalore,Old,Petrol,GPay,8,0,Saturday,2026-01-03
15905,2026-01-03 01:12:00,41.76,Chennai,Old,BillPay,GPay,1,1,Saturday,2026-01-03
75967,2026-01-23 21:43:00,426.14,Delhi,Old,Swiggy,PhonePe,21,0,Friday,2026-01-23
24530,2026-01-06 01:04:30,240.69,Bangalore,Old,Amazon,PhonePe,1,1,Tuesday,2026-01-06
75586,2026-01-23 18:32:30,199.52,Coimbatore,Old,Swiggy,Paytm,18,0,Friday,2026-01-23
17336,2026-01-03 13:07:30,106.66,Chennai,Old,Grocery,PhonePe,13,0,Saturday,2026-01-03
98468,2026-01-31 17:13:30,28.83,Chennai,Old,Amazon,GPay,17,0,Saturday,2026-01-31
48224,2026-01-14 06:31:30,490.6,Hyderabad,Old,Swiggy,PhonePe,6,0,Wednesday,2026-01-14
68175,2026-01-21 04:47:00,123.88,Chennai,Old,Zomato,PhonePe,4,1,Wednesday,2026-01-21
99551,2026-02-01 02:15:00,680.45,Bangalore,Old,Grocery,GPay,2,1,Sunday,2026-02-01
14163,2026-01-02 10:41:00,318.4,Chennai,New,Amazon,GPay,10,1,Friday,2026-01-02
48540,2026-01-14 09:09:30,449.18,Hyderabad,New,Zomato,GPay,9,1,Wednesday,2026-01-14
79510,2026-01-25 03:14:30,444.13,Delhi,Old,Swiggy,PhonePe,3,1,Sunday,2026-01-25
43889,2026-01-12 18:24:00,160.07,Coimbatore,New,Amazon,PhonePe,18,1,Monday,2026-01-12
48622,2026-01-14 09:50:30,5.9,Chennai,New,Swiggy,Paytm,9,1,Wednesday,2026-01-14
106588,2026-02-03 12:53:30,5.35,Delhi,Old,Petrol,Paytm,12,0,Tuesday,2026-02-03
20619,2026-01-04 16:29:00,57.79,Bangalore,Old,Petrol,PhonePe,16,0,Sunday,2026-01-04
48358,2026-01-14 07:38:30,139.09,Bangalore,Old,Zomato,GPay,7,0,Wednesday,2026-01-14
52506,2026-01-15 18:12:30,347.3,Coimbatore,New,Grocery,PhonePe,18,1,Thursday,2026-01-15
42808,2026-01-12 09:23:30,635.64,Hyderabad,Old,BillPay,GPay,9,0,Monday,2026-01-12
66781,2026-01-20 17:10:00,355.71,Chennai,New,Amazon,PhonePe,17,1,Tuesday,2026-01-20
50369,2026-01-15 00:24:00,322.51,Mumbai,New,Amazon,Paytm,0,1,Thursday,2026-01-15
42387,2026-01-12 05:53:00,1514.75,Coimbatore,Old,Grocery,GPay,5,0,Monday,2026-01-12
27774,2026-01-07 04:06:30,81.88,Chennai,Old,Zomato,PhonePe,4,1,Wednesday,2026-01-07
71122,2026-01-22 05:20:30,142.03,Bangalore,New,Amazon,GPay,5,1,Thursday,2026-01-22
27973,2026-01-07 05:46:00,26.64,Hyderabad,Old,Petrol,Paytm,5,0,Wednesday,2026-01-07
74305,2026-01-23 07:52:00,184.89,Delhi,Old,Amazon,Paytm,7,0,Friday,2026-01-23
79596,2026-01-25 03:57:30,17.06,Chennai,Old,Grocery,GPay,3,1,Sunday,2026-01-25
95583,2026-01-30 17:11:00,167.16,Chennai,New,BillPay,Paytm,17,1,Friday,2026-01-30
24985,2026-01-06 04:52:00,572.18,Mumbai,Old,Zomato,Paytm,4,1,Tuesday,2026-01-06
44607,2026-01-13 00:23:00,277.55,Delhi,New,Zomato,PhonePe,0,1,Tuesday,2026-01-13
19495,2026-01-04 07:07:00,416.59,Bangalore,Old,Petrol,PhonePe,7,0,Sunday,2026-01-04
42072,2026-01-12 03:15:30,107.65,Mumbai,Old,Amazon,GPay,3,1,Monday,2026-01-12
15170,2026-01-02 19:04:30,586.24,Chennai,Old,Zomato,PhonePe,19,0,Friday,2026-01-02
80610,2026-01-25 12:24:30,2552.65,Bangalore,New,Grocery,PhonePe,12,0,Sunday,2026-01-25
21318,2026-01-04 22:18:30,242.76,Bangalore,Old,BillPay,PhonePe,22,0,Sunday,2026-01-04
52991,2026-01-15 22:15:00,837.16,Mumbai,Old,Petrol,Paytm,22,0,Thursday,2026-01-15
89977,2026-01-28 18:28:00,437.33,Bangalore,Old,Amazon,GPay,18,0,Wednesday,2026-01-28
70107,2026-01-21 20:53:00,235.21,Mumbai,Old,Zomato,PhonePe,20,0,Wednesday,2026-01-21
77710,2026-01-24 12:14:30,392.9,Hyderabad,Old,Amazon,GPay,12,0,Saturday,2026-01-24
53943,2026-01-16 06:11:00,147.35,Bangalore,Old,Grocery,GPay,6,0,Friday,2026-01-16
54018,2026-01-16 06:48:30,503.64,Hyderabad,New,Swiggy,PhonePe,6,0,Friday,2026-01-16
72413,2026-01-22 16:06:00,93.17,Hyderabad,Old,Swiggy,GPay,16,0,Thursday,2026-01-22
37785,2026-01-10 15:32:00,366.98,Bangalore,Old,Zomato,Paytm,15,0,Saturday,2026-01-10
31660,2026-01-08 12:29:30,557.03,Coimbatore,New,BillPay,PhonePe,12,0,Thursday,2026-01-08
41376,2026-01-11 21:27:30,282.87,Delhi,Old,Swiggy,GPay,21,0,Sunday,2026-01-11
92861,2026-01-29 18:30:00,58.46,Chennai,Old,Zomato,GPay,18,0,Thursday,2026-01-29
23344,2026-01-05 15:11:30,455.04,Bangalore,Old,Zomato,PhonePe,15,0,Monday,2026-01-05
60615,2026-01-18 13:47:00,143.38,Hyderabad,Old,Swiggy,PhonePe,13,0,Sunday,2026-01-18
44824,2026-01-13 02:11:30,137.74,Mumbai,Old,BillPay,GPay,2,1,Tuesday,2026-01-13
25838,2026-01-06 11:58:30,273.65,Mumbai,New,Petrol,Paytm,11,1,Tuesday,2026-01-06
95349,2026-01-30 15:14:00,156.83,Mumbai,Old,Amazon,PhonePe,15,0,Friday,2026-01-30
66730,2026-01-20 16:44:30,109.78,Coimbatore,New,Amazon,PhonePe,16,1,Tuesday,2026-01-20
69923,2026-01-21 19:21:00,32.11,Chennai,New,Zomato,PhonePe,19,1,Wednesday,2026-01-21
43804,2026-01-12 17:41:30,383.63,Mumbai,Old,Grocery,PhonePe,17,0,Monday,2026-01-12
29838,2026-01-07 21:18:30,196.29,Delhi,Old,Zomato,Paytm,21,0,Wednesday,2026-01-07
31518,2026-01-08 11:18:30,60.62,Coimbatore,Old,Zomato,Paytm,11,0,Thursday,2026-01-08
101196,2026-02-01 15:57:30,116.1,Chennai,Old,Swiggy,Paytm,15,0,Sunday,2026-02-01
38011,2026-01-10 17:25:00,182.03,Coimbatore,New,Grocery,PhonePe,17,1,Saturday,2026-01-10
40221,2026-01-11 11:50:00,542.26,Hyderabad,Old,Petrol,Paytm,11,0,Sunday,2026-01-11
75202,2026-01-23 15:20:30,556.28,Mumbai,Old,Zomato,Paytm,15,0,Friday,2026-01-23
32262,2026-01-08 17:30:30,354.1,Hyderabad,New,Amazon,PhonePe,17,1,Thursday,2026-01-08
47116,2026-01-13 21:17:30,57.09,Mumbai,Old,BillPay,PhonePe,21,0,Tuesday,2026-01-13
54035,2026-01-16 06:57:00,36.16,Delhi,Old,BillPay,GPay,6,0,Friday,2026-01-16
65594,2026-01-20 07:16:30,127.08,Hyderabad,Old,BillPay,Paytm,7,0,Tuesday,2026-01-20
44339,2026-01-12 22:09:00,320.97,Hyderabad,Old,Grocery,PhonePe,22,0,Monday,2026-01-12
18951,2026-01-04 02:35:00,128.38,Chennai,Old,Grocery,GPay,2,1,Sunday,2026-01-04
62507,2026-01-19 05:33:00,18.46,Hyderabad,Old,BillPay,GPay,5,0,Monday,2026-01-19
94700,2026-01-30 09:49:30,26.09,Delhi,Old,Petrol,Paytm,9,0,Friday,2026-01-30
38853,2026-01-11 00:26:00,168.43,Coimbatore,New,Petrol,GPay,0,1,Sunday,2026-01-11
58595,2026-01-17 20:57:00,116.06,Hyderabad,New,BillPay,PhonePe,20,1,Saturday,2026-01-17
83977,2026-01-26 16:28:00,81.97,Mumbai,Old,Grocery,PhonePe,16,0,Monday,2026-01-26
55567,2026-01-16 19:43:00,219.35,Coimbatore,New,Grocery,PhonePe,19,1,Friday,2026-01-16
97038,2026-01-31 05:18:30,338.23,Hyderabad,Old,Swiggy,PhonePe,5,0,Saturday,2026-01-31
21148,2026-01-04 20:53:30,170.32,Coimbatore,Old,Zomato,Paytm,20,0,Sunday,2026-01-04
96810,2026-01-31 03:24:30,376.87,Chennai,New,Zomato,PhonePe,3,1,Saturday,2026-01-31
82444,2026-01-26 03:41:30,133.71,Hyderabad,Old,Swiggy,GPay,3,1,Monday,2026-01-26
37725,2026-01-10 15:02:00,662.86,Hyderabad,New,Petrol,GPay,15,0,Saturday,2026-01-10
28093,2026-01-07 06:46:00,54.7,Coimbatore,Old,Zomato,PhonePe,6,0,Wednesday,2026-01-07
95627,2026-01-30 17:33:00,84.06,Chennai,Old,Grocery,PhonePe,17,0,Friday,2026-01-30
100867,2026-02-01 13:13:00,32.43,Delhi,New,Grocery,Paytm,13,1,Sunday,2026-02-01
29357,2026-01-07 17:18:00,534.21,Coimbatore,Old,Petrol,PhonePe,17,0,Wednesday,2026-01-07
42833,2026-01-12 09:36:00,281.23,Delhi,Old,Zomato,PhonePe,9,0,Monday,2026-01-12
99333,2026-02-01 00:26:00,541.45,Mumbai,Old,Petrol,Paytm,0,1,Sunday,2026-02-01
41334,2026-01-11 21:06:30,64.82,Bangalore,New,Grocery,GPay,21,1,Sunday,2026-01-11
78941,2026-01-24 22:30:00,759.05,Bangalore,Old,Zomato,Paytm,22,0,Saturday,2026-01-24
42613,2026-01-12 07:46:00,75.74,Delhi,Old,Zomato,Paytm,7,0,Monday,2026-01-12
51077,2026-01-15 06:18:00,72.61,Mumbai,New,Petrol,PhonePe,6,1,Thursday,2026-01-15
26784,2026-01-06 19:51:30,276.01,Coimbatore,Old,Swiggy,GPay,19,0,Tuesday,2026-01-06
51131,2026-01-15 06:45:00,1776.82,Bangalore,Old,Swiggy,GPay,6,0,Thursday,2026-01-15
88319,2026-01-28 04:39:00,459.55,Mumbai,Old,BillPay,Paytm,4,1,Wednesday,2026-01-28
82170,2026-01-26 01:24:30,439.44,Chennai,New,Petrol,Paytm,1,1,Monday,2026-01-26
14152,2026-01-02 10:35:30,0.01,Hyderabad,New,Grocery,Paytm,10,1,Friday,2026-01-02
